{
  "hotels": [
    {
      "name": "Dorsett Singapore",
      "hotelId": "gq001",
      "url": "/hotel/SIN/gq001-Dorsett Singapore",
      "image": "//pix6.agoda.net/hotelImages/408/408551/408551_16102014370047967602.jpg?s=1024x768",
      "stars": 4,
      "location": {
        "area": "333 New Bridge Road, Chinatown, Singapore, Singapore, 088765",
        "distanceAirport": 3,
        "distanceCity": 1
      },
      "rating": {
        "score":"89",
        "text": "Excellent",
        "locationText": "Close to restaurants, bars and public transportation",
        "locationNearby": "Close to Singapore Flyer",
        "reviews": 89
      },
      "price": {
        "perPerson": {
          "price": 145,
          "originalPrice": "300"
        },
        "perPackage": {
          "price": 240,
          "originalPrice": "400"
        }
      }
    },
    {
      "name": "Grand Park City Hall Hotel",
      "hotelId": "gq002",
      "url": "/hotel/SIN/gq002-Grand Park City Hall Hotel",
      "image": "//pix6.agoda.net/hotelImages/105/10595/10595_17083108250055864602.jpg?s=1024x768",
      "stars": 5,
      "location": {
        "area": "10 Coleman Street, Marina Bay, Singapore, Singapore, 179809",
        "distanceAirport": 3,
        "distanceCity": 1
      },
      "rating": {
        "score":"80",
        "text": "Very Good",
        "locationText": "Close to restaurants, bars and public transportation",
        "locationNearby": "Close to Singapore Flyer",
        "reviews": 82
      },
      "price": {
        "perPerson": {
          "price": 245,
          "originalPrice": "300"
        },
        "perPackage": {
          "price": 340,
          "originalPrice": "440"
        }
      }
    },
    {
      "name": "Grand Park City Hall Hotel",
      "hotelId": "gq003",
      "url": "/hotel/SIN/gq002-Grand Park City Hall Hotel",
      "image": "//pix6.agoda.net/hotelImages/105/10595/10595_17083108250055864602.jpg?s=1024x768",
      "stars": 3,
      "location": {
        "area": "10 Coleman Street, Marina Bay, Singapore, Singapore, 179809",
        "distanceAirport": 3,
        "distanceCity": 1
      },
      "rating": {
        "score":"78",
        "text": "Good",
        "locationText": "Close to restaurants, bars and public transportation",
        "locationNearby": "Close to Singapore Flyer",
        "reviews": 78
      },
      "price": {
        "perPerson": {
          "price": 2435,
          "originalPrice": "30320"
        },
        "perPackage": {
          "price": 34320,
          "originalPrice": "44320"
        }
      }
    },
    {
      "name": "Grand Park City Hall Hotel",
      "hotelId": "gq004",
      "url": "/hotel/SIN/gq002-Grand Park City Hall Hotel",
      "image": "//pix6.agoda.net/hotelImages/105/10595/10595_17083108250055864602.jpg?s=1024x768",
      "stars": 4,
      "location": {
        "area": "10 Coleman Street, Marina Bay, Singapore, Singapore, 179809",
        "distanceAirport": 3,
        "distanceCity": 1
      },
      "rating": {
        "score":"40",
        "text": "Poor",
        "reviews": 50
      },
      "price": {
        "perPerson": {
          "price": 2435,
          "originalPrice": "30320"
        },
        "perPackage": {
          "price": 34320,
          "originalPrice": "44320"
        }
      }
    },
    {
      "name": "Grand Park City Hall Hotel",
      "hotelId": "gq005",
      "url": "/hotel/SIN/gq002-Grand Park City Hall Hotel",
      "image": "//pix6.agoda.net/hotelImages/105/10595/10595_17083108250055864602.jpg?s=1024x768",
      "stars": 5,
      "location": {
        "area": "10 Coleman Street, Marina Bay, Singapore, Singapore, 179809",
        "distanceAirport": 3,
        "distanceCity": 1
      },
      "rating": {
        "score":"60",
        "text": "Poor",
        "locationNearby": "Close to Singapore Flyer",
        "reviews": 50
      },
      "price": {
        "perPerson": {
          "price": 2435,
          "originalPrice": "30320"
        },
        "perPackage": {
          "price": 34320,
          "originalPrice": "44320"
        }
      }
    },
    {
      "name": "Grand Park City Hall Hotel",
      "hotelId": "gq006",
      "url": "/hotel/SIN/gq002-Grand Park City Hall Hotel",
      "image": "//pix6.agoda.net/hotelImages/105/10595/10595_17083108250055864602.jpg?s=1024x768",
      "stars": 5,
      "location": {
        "area": "10 Coleman Street, Marina Bay, Singapore, Singapore, 179809",
        "distanceAirport": 3,
        "distanceCity": 1
      },
      "rating": {
        "score":"80",
        "text": "Very good",
        "locationText": "Close to restaurants, bars and public transportation",
        "reviews": 50
      },
      "price": {
        "perPerson": {
          "price": 2435,
          "originalPrice": "30320"
        },
        "perPackage": {
          "price": 34320,
          "originalPrice": "44320"
        }
      }
    }
  ],
  "filter": {
    "maxPricePackage": 250,
    "maxPricePerson": 200
  },
  "page": {
    "current": 1,
    "max": 1
  },
  "package": {
    "departureDate": "2019-01-03",
    "returnDate": "2019-01-05",
    "checkInDate": "2019-01-03",
    "checkOutDate": "2019-01-05",
    "originCityName": "KUL",
    "destinationCityName": "SIN",
    "long": 103.8198,
    "lat": 1.3521
  },
  "isComplete": true,
  "totalHotels": 50
}