{
    "data": [{"airportCode": "WOG", "airportName": "Woodgreen Airport", "type": "airport", "cityCode": "", "cityName": "Woodgreen", "countryCode": "AU", "countryName": "Australia" },
{"airportCode": "AUH", "airportName": "Abu Dhabi International Airport", "type": "airport", "cityCode": "AUH", "cityName": "Abu Dhabi", "countryCode": "AE", "countryName": "United Arab Emirates" },
{"airportCode": "OSR", "airportName": "Mosnov Airport", "type": "airport", "cityCode": "OSTR", "cityName": "Ostrava", "countryCode": "CZ", "countryName": "Czech Republic" },
{"airportCode": "CZX", "airportName": "Changzhou Airport", "type": "airport", "cityCode": "CZX", "cityName": "Changzhou", "countryCode": "CN", "countryName": "China" },
{"airportCode": "YGH", "airportName": "Fort Good Hope Airport", "type": "airport", "cityCode": "", "cityName": "Fort Good Hope", "countryCode": "CA", "countryName": "Canada" },
{"airportCode": "KYK", "airportName": "Karluk Airport", "type": "airport", "cityCode": "", "cityName": "Karluk", "countryCode": "US", "countryName": "United States" },
{"airportCode": "VBV", "airportName": "Vanuabalavu Airport", "type": "airport", "cityCode": "", "cityName": "Vanuabalavu", "countryCode": "FJ", "countryName": "Fiji" },
{"airportCode": "SGM", "airportName": "San Ignacio Airport", "type": "airport", "cityCode": "", "cityName": "San Ignacio", "countryCode": "MX", "countryName": "Mexico" },
{"airportCode": "SVG", "airportName": "Sola Airport", "type": "airport", "cityCode": "SVG", "cityName": "Stavanger", "countryCode": "NO", "countryName": "Norway" },
{"airportCode": "BTW", "airportName": "Batu Licin Airport", "type": "airport", "cityCode": "", "cityName": "Batu Licin", "countryCode": "ID", "countryName": "Indonesia" },
{"airportCode": "CGN", "airportName": "Konrad Adenaur Airport", "type": "airport", "cityCode": "CGN", "cityName": "Cologne", "countryCode": "DE", "countryName": "Germany" },
{"airportCode": "PAE", "airportName": "Snohomish County Airport", "type": "airport", "cityCode": "PAE", "cityName": "Everett", "countryCode": "US", "countryName": "United States" },
{"airportCode": "UBA", "airportName": "Uberaba Airport", "type": "airport", "cityCode": "UBEA", "cityName": "Uberaba", "countryCode": "BR", "countryName": "Brazil" },
{"airportCode": "YCE", "airportName": "Centralia Airport", "type": "airport", "cityCode": "", "cityName": "Centralia", "countryCode": "CA", "countryName": "Canada" },
{"airportCode": "JNZ", "airportName": "Jinzhou Airport", "type": "airport", "cityCode": "JNZ", "cityName": "Jinzhou", "countryCode": "CN", "countryName": "China" },
{"airportCode": "CFI", "airportName": "Camfield Airport", "type": "airport", "cityCode": "", "cityName": "Camfield", "countryCode": "AU", "countryName": "Australia" },
{"airportCode": "SUP", "airportName": "Sumenep Airport", "type": "airport", "cityCode": "", "cityName": "Sumenep", "countryCode": "ID", "countryName": "Indonesia" },
{"airportCode": "IDN", "airportName": "Indagen Airport", "type": "airport", "cityCode": "", "cityName": "Indagen", "countryCode": "PG", "countryName": "Papua New Guinea" },
{"airportCode": "OSY", "airportName": "Namsos Airport", "type": "airport", "cityCode": "NAMS", "cityName": "Namsos", "countryCode": "NO", "countryName": "Norway" },
{"airportCode": "YPB", "airportName": "Port Alberni Airport", "type": "airport", "cityCode": "YPB", "cityName": "Port Alberni", "countryCode": "CA", "countryName": "Canada" },
{"airportCode": "LEV", "airportName": "Levuka Airfield", "type": "airport", "cityCode": "", "cityName": "Bureta", "countryCode": "FJ", "countryName": "Fiji" },
{"airportCode": "PBO", "airportName": "Paraburdoo Airport", "type": "airport", "cityCode": "", "cityName": "Paraburdoo", "countryCode": "AU", "countryName": "Australia" },
{"airportCode": "CSI", "airportName": "Casino Airport", "type": "airport", "cityCode": "", "cityName": "Casino", "countryCode": "AU", "countryName": "Australia" },
{"airportCode": "BRK", "airportName": "Bourke Airport", "type": "airport", "cityCode": "", "cityName": "Bourke", "countryCode": "AU", "countryName": "Australia" },
{"airportCode": "OWB", "airportName": "Daviess County Airport", "type": "airport", "cityCode": "OWB", "cityName": "Owensboro", "countryCode": "US", "countryName": "United States" },
{"airportCode": "YTA", "airportName": "Pembroke Airport", "type": "airport", "cityCode": "", "cityName": "Pembroke", "countryCode": "CA", "countryName": "Canada" },
{"airportCode": "PVE", "airportName": "El Porvenir Airport", "type": "airport", "cityCode": "", "cityName": "Porvenir", "countryCode": "PA", "countryName": "Panama" },
{"airportCode": "LLJ", "airportName": "Lalmonirhat", "type": "airport", "cityCode": "", "cityName": "Lalmonirhat", "countryCode": "BD", "countryName": "Bangladesh" },
{"airportCode": "DRA", "airportName": "Desert Rock Airport", "type": "airport", "cityCode": "", "cityName": "Mercury", "countryCode": "US", "countryName": "United States" },
{"airportCode": "LSM", "airportName": "Lawas Airport", "type": "airport", "cityCode": "", "cityName": "Long Semado", "countryCode": "MY", "countryName": "Malaysia" },
{"airportCode": "RCQ", "airportName": "Reconquista Airport", "type": "airport", "cityCode": "", "cityName": "Reconquista", "countryCode": "AR", "countryName": "Argentina" },
{"airportCode": "AMU", "airportName": "Amanab Airport", "type": "airport", "cityCode": "", "cityName": "Amanab", "countryCode": "PG", "countryName": "Papua New Guinea" },
{"airportCode": "MYP", "airportName": "Mary Airport", "type": "airport", "cityCode": "", "cityName": "Mary", "countryCode": "TM", "countryName": "Turkmenistan" },
{"airportCode": "ZSS", "airportName": "Sassandra Airport", "type": "airport", "cityCode": "", "cityName": "Sassandra", "countryCode": "CI", "countryName": "Ivory Coast" },
{"airportCode": "MYZ", "airportName": "Monkey Bay Airport", "type": "airport", "cityCode": "", "cityName": "Monkey Bay", "countryCode": "MW", "countryName": "Malawi" },
{"airportCode": "VYD", "airportName": "Vryheid Airport", "type": "airport", "cityCode": "", "cityName": "Vryheid", "countryCode": "ZA", "countryName": "South Africa" },
{"airportCode": "NGB", "airportName": "Ningbo Airport", "type": "airport", "cityCode": "NING", "cityName": "Ningbo", "countryCode": "CN", "countryName": "China" },
{"airportCode": "KRM", "airportName": "Karanambo Airport", "type": "airport", "cityCode": "", "cityName": "Karanambo", "countryCode": "GY", "countryName": "Guyana" },
{"airportCode": "ABZ", "airportName": "Dyce Airport", "type": "airport", "cityCode": "ABZ", "cityName": "Aberdeen", "countryCode": "GB", "countryName": "United Kingdom" },
{"airportCode": "KRV", "airportName": "Kerio Valley Airport", "type": "airport", "cityCode": "", "cityName": "Kerio Valley", "countryCode": "KE", "countryName": "Kenya" },
{"airportCode": "DVR", "airportName": "Daly River Airport", "type": "airport", "cityCode": "", "cityName": "Daly River", "countryCode": "AU", "countryName": "Australia" },
{"airportCode": "NOR", "airportName": "Nordfjordur Airport", "type": "airport", "cityCode": "", "cityName": "Nordfjordur", "countryCode": "IS", "countryName": "Iceland" },
{"airportCode": "OOT", "airportName": "Onotoa Airport", "type": "airport", "cityCode": "", "cityName": "Onotoa", "countryCode": "KI", "countryName": "Kiribati" },
{"airportCode": "YZS", "airportName": "Coral Harbour Airport", "type": "airport", "cityCode": "", "cityName": "Coral Harbour", "countryCode": "CA", "countryName": "Canada" },
{"airportCode": "LIW", "airportName": "Loikaw Airport", "type": "airport", "cityCode": "", "cityName": "Loikaw", "countryCode": "MM", "countryName": "Myanmar" },
{"airportCode": "ABD", "airportName": "Abadan Airport", "type": "airport", "cityCode": "", "cityName": "Abadan", "countryCode": "IR", "countryName": "Iran" },
{"airportCode": "SSD", "airportName": "San Felipe Airport", "type": "airport", "cityCode": "", "cityName": "San Felipe", "countryCode": "CO", "countryName": "Colombia" },
{"airportCode": "PUP", "airportName": "Po Airport", "type": "airport", "cityCode": "", "cityName": "Po", "countryCode": "BF", "countryName": "Burkina Faso" },
{"airportCode": "WGB", "airportName": "Bahawalnagar Airport", "type": "airport", "cityCode": "", "cityName": "Bahawalnagar", "countryCode": "PK", "countryName": "Pakistan" },
{"airportCode": "IFJ", "airportName": "Isafjordur Airport", "type": "airport", "cityCode": "", "cityName": "Isafjordur", "countryCode": "IS", "countryName": "Iceland" },
{"airportCode": "ESK", "airportName": "Eskisehir", "type": "airport", "cityCode": "", "cityName": "Eskisehir", "countryCode": "TR", "countryName": "Turkey" },
{"airportCode": "TJH", "airportName": "Toyooka Airport", "type": "airport", "cityCode": "", "cityName": "Toyooka", "countryCode": "JP", "countryName": "Japan" },
{"airportCode": "CCZ", "airportName": "Chub Cay Airport", "type": "airport", "cityCode": "", "cityName": "Chub Cay", "countryCode": "BS", "countryName": "Bahamas" },
{"airportCode": "COX", "airportName": "Congo Town Airport", "type": "airport", "cityCode": "", "cityName": "Congo Town", "countryCode": "BS", "countryName": "Bahamas" },
{"airportCode": "BNV", "airportName": "Boana Airport", "type": "airport", "cityCode": "", "cityName": "Boana", "countryCode": "PG", "countryName": "Papua New Guinea" },
{"airportCode": "ENW", "airportName": "Kenosha Municipal Airport", "type": "airport", "cityCode": "KENO", "cityName": "Kenosha", "countryCode": "US", "countryName": "United States" },
{"airportCode": "EBW", "airportName": "Ebolowa Airport", "type": "airport", "cityCode": "", "cityName": "Ebolowa", "countryCode": "CM", "countryName": "Cameroon" },
{"airportCode": "CBT", "airportName": "Catumbela Airport", "type": "airport", "cityCode": "", "cityName": "Catumbela", "countryCode": "AO", "countryName": "Angola" },
{"airportCode": "MRH", "airportName": "May River Airport", "type": "airport", "cityCode": "", "cityName": "May River", "countryCode": "PG", "countryName": "Papua New Guinea" },
{"airportCode": "KUD", "airportName": "Kudat Airport", "type": "airport", "cityCode": "", "cityName": "Kudat", "countryCode": "MY", "countryName": "Malaysia" },
{"airportCode": "BLR", "airportName": "Hindustan Airport", "type": "airport", "cityCode": "BLR", "cityName": "Bangalore", "countryCode": "IN", "countryName": "India" },
{"airportCode": "HLH", "airportName": "Ulanhot Airport", "type": "airport", "cityCode": "", "cityName": "Ulanhot", "countryCode": "CN", "countryName": "China" },
{"airportCode": "WAP", "airportName": "Alto Palena Airport", "type": "airport", "cityCode": "", "cityName": "Alto Palena", "countryCode": "CL", "countryName": "Chile" },
{"airportCode": "PTV", "airportName": "Porterville Municipal Airport", "type": "airport", "cityCode": "PTV", "cityName": "Porterville", "countryCode": "US", "countryName": "United States" },
{"airportCode": "LHK", "airportName": "Guanghua Airport", "type": "airport", "cityCode": "", "cityName": "Guanghua", "countryCode": "CN", "countryName": "China" },
{"airportCode": "VAB", "airportName": "Yavarate Airport", "type": "airport", "cityCode": "", "cityName": "Yavarate", "countryCode": "CO", "countryName": "Colombia" },
{"airportCode": "SHL", "airportName": "Shillong Airport", "type": "airport", "cityCode": "", "cityName": "Shillong", "countryCode": "IN", "countryName": "India" },
{"airportCode": "BTH", "airportName": "Hang Nadim Airport", "type": "airport", "cityCode": "", "cityName": "Batam", "countryCode": "ID", "countryName": "Indonesia" },
{"airportCode": "LCD", "airportName": "Louis Trichardt Airport", "type": "airport", "cityCode": "", "cityName": "Louis Trichardt", "countryCode": "ZA", "countryName": "South Africa" },
{"airportCode": "BKT", "airportName": "Blackstone Airport", "type": "airport", "cityCode": "", "cityName": "Blackstone", "countryCode": "US", "countryName": "United States" },
{"airportCode": "YTI", "airportName": "Triple Island Airport", "type": "airport", "cityCode": "", "cityName": "Triple Island", "countryCode": "CA", "countryName": "Canada" },
{"airportCode": "HNG", "airportName": "Hienghene Airport", "type": "airport", "cityCode": "", "cityName": "Hienghene", "countryCode": "NC", "countryName": "New Caledonia" },
{"airportCode": "ZJG", "airportName": "Jenpeg Airport", "type": "airport", "cityCode": "", "cityName": "Jenpeg", "countryCode": "CA", "countryName": "Canada" },
{"airportCode": "AAZ", "airportName": "Quetzaltenango", "type": "airport", "cityCode": "QUET", "cityName": "Quetzaltenango", "countryCode": "GT", "countryName": "Guatemala" },
{"airportCode": "DNX", "airportName": "Dinder Airport", "type": "airport", "cityCode": "", "cityName": "Dinder", "countryCode": "SD", "countryName": "Sudan" },
{"airportCode": "KNO", "airportName": "Medan", "type": "airport", "cityCode": "", "cityName": "Medan", "countryCode": "ID", "countryName": "Indonesia" },
{"airportCode": "BHK", "airportName": "Bukhara Airport", "type": "airport", "cityCode": "", "cityName": "Bukhara", "countryCode": "UZ", "countryName": "Uzbekistan" },
{"airportCode": "HES", "airportName": "Hermiston Municipal Airport", "type": "airport", "cityCode": "", "cityName": "Hermiston", "countryCode": "US", "countryName": "United States" },
{"airportCode": "NIS", "airportName": "Simberi Island Airport", "type": "airport", "cityCode": "", "cityName": "Simberi Island", "countryCode": "PG", "countryName": "Papua New Guinea" },
{"airportCode": "NCI", "airportName": "Necocli Municipal Airport", "type": "airport", "cityCode": "", "cityName": "Necocli", "countryCode": "CO", "countryName": "Colombia" },
{"airportCode": "ORC", "airportName": "Orocue Airport", "type": "airport", "cityCode": "", "cityName": "Orocue", "countryCode": "CO", "countryName": "Colombia" },
{"airportCode": "ERE", "airportName": "Erave Airport", "type": "airport", "cityCode": "", "cityName": "Erave", "countryCode": "PG", "countryName": "Papua New Guinea" },
{"airportCode": "WAN", "airportName": "Waverney Airport", "type": "airport", "cityCode": "", "cityName": "Waverney", "countryCode": "AU", "countryName": "Australia" },
{"airportCode": "COK", "airportName": "Kochi International Airport", "type": "airport", "cityCode": "KCZ", "cityName": "Kochi", "countryCode": "IN", "countryName": "India" },
{"airportCode": "MJK", "airportName": "Shark Bay Airport", "type": "airport", "cityCode": "MJK", "cityName": "Monkey Mia", "countryCode": "AU", "countryName": "Australia" },
{"airportCode": "RUR", "airportName": "Rurutu Airport", "type": "airport", "cityCode": "", "cityName": "Rurutu", "countryCode": "PF", "countryName": "French Polynesia" },
{"airportCode": "BTA", "airportName": "Bertoua Airport", "type": "airport", "cityCode": "", "cityName": "Bertoua", "countryCode": "CM", "countryName": "Cameroon" },
{"airportCode": "PUC", "airportName": "Price Airport", "type": "airport", "cityCode": "PUC", "cityName": "Price", "countryCode": "US", "countryName": "United States" },
{"airportCode": "NAV", "airportName": "Nevsehir Airport", "type": "airport", "cityCode": "", "cityName": "Nevsehir", "countryCode": "TR", "countryName": "Turkey" },
{"airportCode": "TCO", "airportName": "La Florida Airport", "type": "airport", "cityCode": "", "cityName": "Tumaco", "countryCode": "CO", "countryName": "Colombia" },
{"airportCode": "PTZ", "airportName": "Pastaza Airport", "type": "airport", "cityCode": "", "cityName": "Pastaza", "countryCode": "EC", "countryName": "Ecuador" },
{"airportCode": "CUC", "airportName": "Camilo Daza Airport", "type": "airport", "cityCode": "", "cityName": "Cucuta", "countryCode": "CO", "countryName": "Colombia" },
{"airportCode": "MCD", "airportName": "Mackinac Island Airport", "type": "airport", "cityCode": "", "cityName": "Mackinac Island", "countryCode": "US", "countryName": "United States" },
{"airportCode": "FIH", "airportName": "Kinshasa N'Djili Airport", "type": "airport", "cityCode": "", "cityName": "Kinshasa", "countryCode": "ZR", "countryName": "Zaire" },
{"airportCode": "HUV", "airportName": "Hudiksvall Airport", "type": "airport", "cityCode": "HUV", "cityName": "Hudiksvall", "countryCode": "SE", "countryName": "Sweden" },
{"airportCode": "MFX", "airportName": "Meribel Airport", "type": "airport", "cityCode": "MERB", "cityName": "Meribel", "countryCode": "FR", "countryName": "France" },
{"airportCode": "LKV", "airportName": "Lake County Airport", "type": "airport", "cityCode": "LKV", "cityName": "Lakeview", "countryCode": "US", "countryName": "United States" },
{"airportCode": "PLF", "airportName": "Pala Airport", "type": "airport", "cityCode": "", "cityName": "Pala", "countryCode": "TD", "countryName": "Chad" },
{"airportCode": "WAQ", "airportName": "Antsalova Airport", "type": "airport", "cityCode": "", "cityName": "Antsalova", "countryCode": "MG", "countryName": "Madagascar" },
{"airportCode": "CPN", "airportName": "Cape Rodney Airport", "type": "airport", "cityCode": "", "cityName": "Cape Rodney", "countryCode": "PG", "countryName": "Papua New Guinea" },
{"airportCode": "EKN", "airportName": "Elkins Airport", "type": "airport", "cityCode": "EKN", "cityName": "Elkins", "countryCode": "US", "countryName": "United States" },
{"airportCode": "PIO", "airportName": "Pisco Airport", "type": "airport", "cityCode": "", "cityName": "Pisco", "countryCode": "PE", "countryName": "Peru" },
{"airportCode": "ING", "airportName": "Lago Argentino Airport", "type": "airport", "cityCode": "", "cityName": "Lago Argentino", "countryCode": "AR", "countryName": "Argentina" },
{"airportCode": "ALU", "airportName": "Alula Airport", "type": "airport", "cityCode": "", "cityName": "Alula", "countryCode": "SO", "countryName": "Somalia" },
{"airportCode": "ZRJ", "airportName": "Round Lake Airport", "type": "airport", "cityCode": "", "cityName": "Round Lake", "countryCode": "CA", "countryName": "Canada" },
{"airportCode": "BDJ", "airportName": "Syamsudin Noor Airport", "type": "airport", "cityCode": "BDJ", "cityName": "Banjarmasin", "countryCode": "ID", "countryName": "Indonesia" },
{"airportCode": "COB", "airportName": "Coolibah Airport", "type": "airport", "cityCode": "", "cityName": "Coolibah", "countryCode": "AU", "countryName": "Australia" },
{"airportCode": "KXR", "airportName": "Karoola Airport", "type": "airport", "cityCode": "", "cityName": "Karoola", "countryCode": "PG", "countryName": "Papua New Guinea" },
{"airportCode": "IND", "airportName": "Indianapolis International Airport", "type": "airport", "cityCode": "IND", "cityName": "Indianapolis", "countryCode": "US", "countryName": "United States" },
{"airportCode": "VDP", "airportName": "Valle De Pascua Airport", "type": "airport", "cityCode": "", "cityName": "Valle de Pascua", "countryCode": "VE", "countryName": "Venezuela" },
{"airportCode": "KDA", "airportName": "Kolda Airport", "type": "airport", "cityCode": "", "cityName": "Kolda", "countryCode": "SN", "countryName": "Senegal" },
{"airportCode": "TUN", "airportName": "Carthage Airport", "type": "airport", "cityCode": "TUN", "cityName": "Tunis", "countryCode": "TN", "countryName": "Tunisia" },
{"airportCode": "YPC", "airportName": "Paulatuk Airport", "type": "airport", "cityCode": "", "cityName": "Paulatuk", "countryCode": "CA", "countryName": "Canada" },
{"airportCode": "LWR", "airportName": "Leeuwarden Airport", "type": "airport", "cityCode": "LEEU", "cityName": "Leeuwarden", "countryCode": "NL", "countryName": "Netherlands" },
{"airportCode": "XDE", "airportName": "Diebougou Airport", "type": "airport", "cityCode": "", "cityName": "Diebougou", "countryCode": "BF", "countryName": "Burkina Faso" },
{"airportCode": "WGU", "airportName": "Wagau Airport", "type": "airport", "cityCode": "", "cityName": "Wagau", "countryCode": "PG", "countryName": "Papua New Guinea" },
{"airportCode": "LBQ", "airportName": "Lambarene Airport", "type": "airport", "cityCode": "", "cityName": "Lambarene", "countryCode": "GA", "countryName": "Gabon" },
{"airportCode": "EUO", "airportName": "Paratebueno Airport", "type": "airport", "cityCode": "", "cityName": "Paratebueno", "countryCode": "CO", "countryName": "Colombia" },
{"airportCode": "WCA", "airportName": "Castro Airport", "type": "airport", "cityCode": "WCA", "cityName": "Castro", "countryCode": "CL", "countryName": "Chile" },
{"airportCode": "MYQ", "airportName": "Mysore Airport", "type": "airport", "cityCode": "MYS", "cityName": "Mysore", "countryCode": "IN", "countryName": "India" },
{"airportCode": "ODJ", "airportName": "Ouanda Djalle Airport", "type": "airport", "cityCode": "", "cityName": "Ouanda Djalle", "countryCode": "CF", "countryName": "Central Africa" },
{"airportCode": "MOQ", "airportName": "Morondava Airport", "type": "airport", "cityCode": "", "cityName": "Morondava", "countryCode": "MG", "countryName": "Madagascar" },
{"airportCode": "FTW", "airportName": "Meacham Field", "type": "airport", "cityCode": "FORT", "cityName": "Fort Worth", "countryCode": "US", "countryName": "United States" },
{"airportCode": "MHK", "airportName": "Manhattan Municipal Airport", "type": "airport", "cityCode": "MHK", "cityName": "Manhattan", "countryCode": "US", "countryName": "United States" },
{"airportCode": "DPU", "airportName": "Dumpu Airport", "type": "airport", "cityCode": "", "cityName": "Dumpu", "countryCode": "PG", "countryName": "Papua New Guinea" },
{"airportCode": "NUU", "airportName": "Nakuru Airport", "type": "airport", "cityCode": "NUU", "cityName": "Nakuru", "countryCode": "KE", "countryName": "Kenya" },
{"airportCode": "HEO", "airportName": "Haelogo Airport", "type": "airport", "cityCode": "", "cityName": "Haelogo", "countryCode": "PG", "countryName": "Papua New Guinea" },
{"airportCode": "HVN", "airportName": "Tweed Airport", "type": "airport", "cityCode": "NEWV", "cityName": "New Haven", "countryCode": "US", "countryName": "United States" },
{"airportCode": "TJA", "airportName": "Capitan Oriellea Plaza Airport", "type": "airport", "cityCode": "", "cityName": "Tarija", "countryCode": "BO", "countryName": "Bolivia" },
{"airportCode": "BPH", "airportName": "Bislig Airport", "type": "airport", "cityCode": "", "cityName": "Bislig", "countryCode": "PH", "countryName": "Philippines" },
{"airportCode": "MQY", "airportName": "Smyrna Airport", "type": "airport", "cityCode": "MQY", "cityName": "Smyrna", "countryCode": "US", "countryName": "United States" },
{"airportCode": "LXU", "airportName": "Lukulu Airport", "type": "airport", "cityCode": "", "cityName": "Lukulu", "countryCode": "ZM", "countryName": "Zambia" },
{"airportCode": "SUL", "airportName": "Sui Airport", "type": "airport", "cityCode": "", "cityName": "Sui", "countryCode": "PK", "countryName": "Pakistan" },
{"airportCode": "LLW", "airportName": "Lilongwe Airport", "type": "airport", "cityCode": "", "cityName": "Lilongwe", "countryCode": "MW", "countryName": "Malawi" },
{"airportCode": "KUP", "airportName": "Kupiano Airport", "type": "airport", "cityCode": "", "cityName": "Kupiano", "countryCode": "PG", "countryName": "Papua New Guinea" },
{"airportCode": "BMJ", "airportName": "Baramita Airport", "type": "airport", "cityCode": "", "cityName": "Baramita", "countryCode": "GY", "countryName": "Guyana" },
{"airportCode": "SYZ", "airportName": "Shiraz Airport", "type": "airport", "cityCode": "SYZ", "cityName": "Shiraz", "countryCode": "IR", "countryName": "Iran" },
{"airportCode": "CLZ", "airportName": "Calabozo Airport", "type": "airport", "cityCode": "", "cityName": "Calabozo", "countryCode": "VE", "countryName": "Venezuela" },
{"airportCode": "HWA", "airportName": "Hawabango Airport", "type": "airport", "cityCode": "", "cityName": "Hawabango", "countryCode": "PG", "countryName": "Papua New Guinea" },
{"airportCode": "BGR", "airportName": "Bangor International Airport", "type": "airport", "cityCode": "BAGB", "cityName": "Bangor", "countryCode": "GB", "countryName": "United Kingdom" },
{"airportCode": "THY", "airportName": "Thohoyandou Airport", "type": "airport", "cityCode": "", "cityName": "Thohoyandou", "countryCode": "ZA", "countryName": "South Africa" },
{"airportCode": "AXU", "airportName": "Axum Airport", "type": "airport", "cityCode": "", "cityName": "Axum", "countryCode": "ET", "countryName": "Ethiopia" },
{"airportCode": "PLX", "airportName": "Semipalatinsk Airport", "type": "airport", "cityCode": "", "cityName": "Semipalatinsk", "countryCode": "KZ", "countryName": "Kazakhstan" },
{"airportCode": "ACI", "airportName": "The Blaye Airport", "type": "airport", "cityCode": "", "cityName": "Alderney", "countryCode": "GB", "countryName": "United Kingdom" },
{"airportCode": "TRM", "airportName": "Thermal Airport", "type": "airport", "cityCode": "", "cityName": "Thermal", "countryCode": "US", "countryName": "United States" },
{"airportCode": "RUA", "airportName": "Arua Airport", "type": "airport", "cityCode": "", "cityName": "Arua", "countryCode": "UG", "countryName": "Uganda" },
{"airportCode": "CUU", "airportName": "Fierro Villalobos Airport", "type": "airport", "cityCode": "CUU", "cityName": "Chihuahua", "countryCode": "MX", "countryName": "Mexico" },
{"airportCode": "PRC", "airportName": "Ernest A. Love Field", "type": "airport", "cityCode": "PRC", "cityName": "Prescott", "countryCode": "US", "countryName": "United States" },
{"airportCode": "SWJ", "airportName": "South West Bay Airport", "type": "airport", "cityCode": "", "cityName": "South West Bay", "countryCode": "VU", "countryName": "Vanuatu" },
{"airportCode": "VII", "airportName": "Vinh City Airport", "type": "airport", "cityCode": "", "cityName": "Vinh City", "countryCode": "VN", "countryName": "Vietnam" },
{"airportCode": "BBH", "airportName": "Barth Airport", "type": "airport", "cityCode": "", "cityName": "Barth", "countryCode": "DE", "countryName": "Germany" },
{"airportCode": "KCZ", "airportName": "Kochi Airport", "type": "airport", "cityCode": "KCZ", "cityName": "Kochi", "countryCode": "JP", "countryName": "Japan" },
{"airportCode": "SVM", "airportName": "Saint Pauls Mission Airport", "type": "airport", "cityCode": "", "cityName": "St. Paul's Mission", "countryCode": "AU", "countryName": "Australia" },
{"airportCode": "OBL", "airportName": "Zoersel Airport", "type": "airport", "cityCode": "", "cityName": "Zoersel", "countryCode": "BE", "countryName": "Belgium" },
{"airportCode": "SEF", "airportName": "Sebring Regional Airport", "type": "airport", "cityCode": "SEF", "cityName": "Sebring", "countryCode": "US", "countryName": "United States" },
{"airportCode": "ITN", "airportName": "Itabuna Airport", "type": "airport", "cityCode": "", "cityName": "Itabuna", "countryCode": "BR", "countryName": "Brazil" },
{"airportCode": "RVK", "airportName": "Roervik Airport", "type": "airport", "cityCode": "", "cityName": "Roervik", "countryCode": "NO", "countryName": "Norway" },
{"airportCode": "CSP", "airportName": "Cape Spencer Airport", "type": "airport", "cityCode": "", "cityName": "Cape Spencer", "countryCode": "US", "countryName": "United States" },
{"airportCode": "SKS", "airportName": "Vojens Airport", "type": "airport", "cityCode": "", "cityName": "Vojens", "countryCode": "DK", "countryName": "Denmark" },
{"airportCode": "WIN", "airportName": "Winton Airport", "type": "airport", "cityCode": "", "cityName": "Winton", "countryCode": "AU", "countryName": "Australia" },
{"airportCode": "LPS", "airportName": "Lopez Island Airport", "type": "airport", "cityCode": "", "cityName": "Lopez Island", "countryCode": "US", "countryName": "United States" },
{"airportCode": "HBT", "airportName": "Hafr Albatin Airport", "type": "airport", "cityCode": "HBT", "cityName": "Hafr Albatin", "countryCode": "SA", "countryName": "Saudi Arabia" },
{"airportCode": "LSH", "airportName": "Lashio Airport", "type": "airport", "cityCode": "", "cityName": "Lashio", "countryCode": "MM", "countryName": "Myanmar" },
{"airportCode": "AUG", "airportName": "Augusta State Airport", "type": "airport", "cityCode": "AUGA", "cityName": "Augusta", "countryCode": "AU", "countryName": "Australia" },
{"airportCode": "KPF", "airportName": "Kondubol Airport", "type": "airport", "cityCode": "", "cityName": "Kondubol", "countryCode": "PG", "countryName": "Papua New Guinea" },
{"airportCode": "AEK", "airportName": "Aseki Airport", "type": "airport", "cityCode": "", "cityName": "Aseki", "countryCode": "PG", "countryName": "Papua New Guinea" },
{"airportCode": "ODS", "airportName": "Odessa Airport", "type": "airport", "cityCode": "ODES", "cityName": "Odessa", "countryCode": "US", "countryName": "United States" },
{"airportCode": "GDN", "airportName": "Rebiechowo Airport", "type": "airport", "cityCode": "GDN", "cityName": "Gdansk", "countryCode": "PL", "countryName": "Poland" },
{"airportCode": "RTP", "airportName": "Rutland Plains Airport", "type": "airport", "cityCode": "", "cityName": "Rutland Plains", "countryCode": "AU", "countryName": "Australia" },
{"airportCode": "OTV", "airportName": "Ontong Java Airport", "type": "airport", "cityCode": "", "cityName": "Ontong Java", "countryCode": "SB", "countryName": "Solomon Island" },
{"airportCode": "WRE", "airportName": "Whangarei Airport", "type": "airport", "cityCode": "WRE", "cityName": "Whangarei", "countryCode": "NZ", "countryName": "New Zealand" },
{"airportCode": "ZYI", "airportName": "Zunyi Airport", "type": "airport", "cityCode": "ZYI", "cityName": "Zunyi", "countryCode": "CN", "countryName": "China" },
{"airportCode": "CXM", "airportName": "Camaxilo", "type": "airport", "cityCode": "", "cityName": "Camaxilo", "countryCode": "AO", "countryName": "Angola" },
{"airportCode": "WRH", "airportName": "Wrench Creek Airport", "type": "airport", "cityCode": "", "cityName": "Wrench Creek", "countryCode": "US", "countryName": "United States" },
{"airportCode": "SKJ", "airportName": "Sitkinak Island Airport", "type": "airport", "cityCode": "", "cityName": "Sitkinak Island", "countryCode": "US", "countryName": "United States" },
{"airportCode": "WSN", "airportName": "South Naknek Airport", "type": "airport", "cityCode": "", "cityName": "South Naknek", "countryCode": "US", "countryName": "United States" },
{"airportCode": "ISG", "airportName": "Ishigaki Airport", "type": "airport", "cityCode": "", "cityName": "Ishigaki", "countryCode": "JP", "countryName": "Japan" },
{"airportCode": "MXJ", "airportName": "Minna Airport", "type": "airport", "cityCode": "", "cityName": "Minna", "countryCode": "NG", "countryName": "Nigeria" },
{"airportCode": "YOT", "airportName": "Yotvata Airport", "type": "airport", "cityCode": "", "cityName": "Yotvata", "countryCode": "IL", "countryName": "Israel" },
{"airportCode": "CLW", "airportName": "Saint Petersburg/Clearwater Executive A", "type": "airport", "cityCode": "CLW", "cityName": "Clearwater", "countryCode": "US", "countryName": "United States" },
{"airportCode": "YSN", "airportName": "Salmon Arm Municipal Airport", "type": "airport", "cityCode": "YSN", "cityName": "Salmon Arm", "countryCode": "CA", "countryName": "Canada" },
{"airportCode": "GYS", "airportName": "Guang Yuan Airport", "type": "airport", "cityCode": "", "cityName": "Guang Yuan", "countryCode": "CN", "countryName": "China" },
{"airportCode": "EJA", "airportName": "Variguies Airport", "type": "airport", "cityCode": "", "cityName": "Barrancabermeja", "countryCode": "CO", "countryName": "Colombia" },
{"airportCode": "BZK", "airportName": "Briansk Airport", "type": "airport", "cityCode": "", "cityName": "Briansk", "countryCode": "RU", "countryName": "Russia" },
{"airportCode": "LVA", "airportName": "Laval Airport", "type": "airport", "cityCode": "LAVA", "cityName": "Laval", "countryCode": "FR", "countryName": "France" },
{"airportCode": "UD1", "airportName": "Uttaradit", "type": "airport", "cityCode": "", "cityName": "Uttaradit", "countryCode": "TH", "countryName": "Thailand" },
{"airportCode": "GOP", "airportName": "Gorakhpur Airport", "type": "airport", "cityCode": "", "cityName": "Gorakhpur", "countryCode": "IN", "countryName": "India" },
{"airportCode": "AFO", "airportName": "Afton Airport", "type": "airport", "cityCode": "", "cityName": "Afton", "countryCode": "US", "countryName": "United States" },
{"airportCode": "SPK", "airportName": "Saporro", "type": "airport", "cityCode": "", "cityName": "Saporro", "countryCode": "JP", "countryName": "Japan" },
{"airportCode": "CXQ", "airportName": "Christmas Creek Airport", "type": "airport", "cityCode": "", "cityName": "Christmas Creek", "countryCode": "AU", "countryName": "Australia" },
{"airportCode": "SDE", "airportName": "Santiago del Estero Airport", "type": "airport", "cityCode": "", "cityName": "Santiago del Estero", "countryCode": "AR", "countryName": "Argentina" },
{"airportCode": "YGJ", "airportName": "Yonago Airport", "type": "airport", "cityCode": "YGJ", "cityName": "Yonago", "countryCode": "JP", "countryName": "Japan" },
{"airportCode": "MGP", "airportName": "Manga Airport", "type": "airport", "cityCode": "", "cityName": "Manga", "countryCode": "PG", "countryName": "Papua New Guinea" },
{"airportCode": "WID", "airportName": "Wildenrath Airport", "type": "airport", "cityCode": "", "cityName": "Wildenrath", "countryCode": "DE", "countryName": "Germany" },
{"airportCode": "TNR", "airportName": "Antananarivo Airport", "type": "airport", "cityCode": "", "cityName": "Antananarivo", "countryCode": "MG", "countryName": "Madagascar" },
{"airportCode": "YME", "airportName": "Matane Airport", "type": "airport", "cityCode": "", "cityName": "Matane", "countryCode": "CA", "countryName": "Canada" },
{"airportCode": "KOV", "airportName": "Kokshetau Airport", "type": "airport", "cityCode": "", "cityName": "Kokshetau", "countryCode": "KZ", "countryName": "Kazakhstan" },
{"airportCode": "OOK", "airportName": "Toksook Bay Municipal Airport", "type": "airport", "cityCode": "", "cityName": "Toksook Bay", "countryCode": "US", "countryName": "United States" },
{"airportCode": "YDU", "airportName": "Kasba Lake Airport", "type": "airport", "cityCode": "", "cityName": "Kasba Lake", "countryCode": "CA", "countryName": "Canada" },
{"airportCode": "GHF", "airportName": "Giebelstadt Airport", "type": "airport", "cityCode": "", "cityName": "Giebelstadt", "countryCode": "DE", "countryName": "Germany" },
{"airportCode": "IKB", "airportName": "Wilkesboro Airport", "type": "airport", "cityCode": "WLKS", "cityName": "Wilkesboro", "countryCode": "US", "countryName": "United States" },
{"airportCode": "PTJ", "airportName": "Portland Airport", "type": "airport", "cityCode": "", "cityName": "Portland", "countryCode": "AU", "countryName": "Australia" },
{"airportCode": "RHA", "airportName": "Reykholar Airport", "type": "airport", "cityCode": "", "cityName": "Reykholar", "countryCode": "IS", "countryName": "Iceland" },
{"airportCode": "WRW", "airportName": "Warrawagine Airport", "type": "airport", "cityCode": "", "cityName": "Warrawagine", "countryCode": "AU", "countryName": "Australia" },
{"airportCode": "GKT", "airportName": "Gatlinburg Airport", "type": "airport", "cityCode": "GKT", "cityName": "Gatlinburg", "countryCode": "US", "countryName": "United States" },
{"airportCode": "AOL", "airportName": "Paso De Los Libres Airport", "type": "airport", "cityCode": "", "cityName": "Paso de los Libres", "countryCode": "AR", "countryName": "Argentina" },
{"airportCode": "MVK", "airportName": "Mulka Airport", "type": "airport", "cityCode": "", "cityName": "Mulka", "countryCode": "AU", "countryName": "Australia" },
{"airportCode": "BFL", "airportName": "Meadows Field", "type": "airport", "cityCode": "BFL", "cityName": "Bakersfield", "countryCode": "US", "countryName": "United States" },
{"airportCode": "TSR", "airportName": "Timisoara Airport", "type": "airport", "cityCode": "TIMI", "cityName": "Timisoara", "countryCode": "RO", "countryName": "Romania" },
{"airportCode": "PPH", "airportName": "Peraitepuy Airport", "type": "airport", "cityCode": "", "cityName": "Peraitepuy", "countryCode": "VE", "countryName": "Venezuela" },
{"airportCode": "GAC", "airportName": "Gracias Airport", "type": "airport", "cityCode": "", "cityName": "Gracias", "countryCode": "HN", "countryName": "Honduras" },
{"airportCode": "FAI", "airportName": "Fairbanks International Airport", "type": "airport", "cityCode": "FAIB", "cityName": "Fairbanks", "countryCode": "US", "countryName": "United States" },
{"airportCode": "CPF", "airportName": "Cepu Airport", "type": "airport", "cityCode": "", "cityName": "Cepu", "countryCode": "ID", "countryName": "Indonesia" },
{"airportCode": "BLO", "airportName": "Blondous Airport", "type": "airport", "cityCode": "", "cityName": "Blonduos", "countryCode": "IS", "countryName": "Iceland" },
{"airportCode": "PCL", "airportName": "Capitan Rolden Airport", "type": "airport", "cityCode": "", "cityName": "Pucallpa", "countryCode": "PE", "countryName": "Peru" },
{"airportCode": "IRI", "airportName": "Iringa Airport", "type": "airport", "cityCode": "", "cityName": "Iringa", "countryCode": "TZ", "countryName": "Tanzania" },
{"airportCode": "TGS", "airportName": "Chokwe Airport", "type": "airport", "cityCode": "", "cityName": "Chokwe", "countryCode": "MZ", "countryName": "Mozambique" },
{"airportCode": "PMO", "airportName": "Punta Raisi Airport", "type": "airport", "cityCode": "PMO", "cityName": "Palermo", "countryCode": "IT", "countryName": "Italy" },
{"airportCode": "CNU", "airportName": "Martin Johnson Airport", "type": "airport", "cityCode": "CNU", "cityName": "Chanute", "countryCode": "US", "countryName": "United States" },
{"airportCode": "NNG", "airportName": "Nanning Airport", "type": "airport", "cityCode": "NNG", "cityName": "Nanning", "countryCode": "CN", "countryName": "China" },
{"airportCode": "PFA", "airportName": "Paf Warren Municipal Airport", "type": "airport", "cityCode": "", "cityName": "Paf Warren", "countryCode": "US", "countryName": "United States" },
{"airportCode": "NVP", "airportName": "Novo Aripuana Airport", "type": "airport", "cityCode": "", "cityName": "Novo Aripuana", "countryCode": "BR", "countryName": "Brazil" },
{"airportCode": "MYJ", "airportName": "Matsuyama Airport", "type": "airport", "cityCode": "MYJ", "cityName": "Matsuyama", "countryCode": "JP", "countryName": "Japan" },
{"airportCode": "YXJ", "airportName": "Fort Saint John Airport", "type": "airport", "cityCode": "", "cityName": "Fort St. John", "countryCode": "CA", "countryName": "Canada" },
{"airportCode": "TFF", "airportName": "Tefe Municipal Airport", "type": "airport", "cityCode": "", "cityName": "Tefe", "countryCode": "BR", "countryName": "Brazil" },
{"airportCode": "BQQ", "airportName": "Barra Airport", "type": "airport", "cityCode": "", "cityName": "Barra", "countryCode": "BR", "countryName": "Brazil" },
{"airportCode": "WUV", "airportName": "Wuvulu Island Airport", "type": "airport", "cityCode": "", "cityName": "Wuvulu Island", "countryCode": "PG", "countryName": "Papua New Guinea" },
{"airportCode": "YEK", "airportName": "Arviat Airport", "type": "airport", "cityCode": "", "cityName": "Arviat", "countryCode": "CA", "countryName": "Canada" },
{"airportCode": "JOG", "airportName": "Adisutjipto Airport", "type": "airport", "cityCode": "YOGY", "cityName": "Yogyakarta", "countryCode": "ID", "countryName": "Indonesia" },
{"airportCode": "DNH", "airportName": "Dunhuang Airport", "type": "airport", "cityCode": "DNH", "cityName": "Dunhuang", "countryCode": "CN", "countryName": "China" },
{"airportCode": "YAN", "airportName": "Yangambi Airport", "type": "airport", "cityCode": "", "cityName": "Yangambi", "countryCode": "ZR", "countryName": "Zaire" },
{"airportCode": "ZTA", "airportName": "Tureia Airport", "type": "airport", "cityCode": "", "cityName": "Tureia", "countryCode": "PF", "countryName": "French Polynesia" },
{"airportCode": "SDK", "airportName": "Sandakan Airport", "type": "airport", "cityCode": "SDK", "cityName": "Sandakan", "countryCode": "MY", "countryName": "Malaysia" },
{"airportCode": "TDJ", "airportName": "Tadjoura Airport", "type": "airport", "cityCode": "", "cityName": "Tadjoura", "countryCode": "DJ", "countryName": "Djibouti" },
{"airportCode": "MSC", "airportName": "Falcon Field", "type": "airport", "cityCode": "MESZ", "cityName": "Mesa", "countryCode": "US", "countryName": "United States" },
{"airportCode": "MTW", "airportName": "Manitowoc County Airport", "type": "airport", "cityCode": "MTW", "cityName": "Manitowoc", "countryCode": "US", "countryName": "United States" },
{"airportCode": "CEU", "airportName": "Clemson Airport", "type": "airport", "cityCode": "CLEM", "cityName": "Clemson", "countryCode": "US", "countryName": "United States" },
{"airportCode": "OCJ", "airportName": "Boscobel Airport", "type": "airport", "cityCode": "OCJ", "cityName": "Ocho Rios", "countryCode": "JM", "countryName": "Jamaica" },
{"airportCode": "CTD", "airportName": "Chitre Airport", "type": "airport", "cityCode": "", "cityName": "Chitre", "countryCode": "PA", "countryName": "Panama" },
{"airportCode": "KHA", "airportName": "Khaneh Airport", "type": "airport", "cityCode": "", "cityName": "Khaneh", "countryCode": "IR", "countryName": "Iran" },
{"airportCode": "PNT", "airportName": "Ten J Gallardo Airport", "type": "airport", "cityCode": "PNAT", "cityName": "Puerto Natales", "countryCode": "CL", "countryName": "Chile" },
{"airportCode": "AOD", "airportName": "Abou Deia Airport", "type": "airport", "cityCode": "", "cityName": "Abou Deia", "countryCode": "TD", "countryName": "Chad" },
{"airportCode": "OBC", "airportName": "Obock Airport", "type": "airport", "cityCode": "", "cityName": "Obock", "countryCode": "DJ", "countryName": "Djibouti" },
{"airportCode": "KWX", "airportName": "Kiwai Island Airport", "type": "airport", "cityCode": "", "cityName": "Kiwai Island", "countryCode": "PG", "countryName": "Papua New Guinea" },
{"airportCode": "IOR", "airportName": "Inishmore Airport", "type": "airport", "cityCode": "", "cityName": "Inishmore", "countryCode": "IE", "countryName": "Ireland" },
{"airportCode": "PPC", "airportName": "Prospect Creek Airport", "type": "airport", "cityCode": "", "cityName": "Prospect Creek", "countryCode": "US", "countryName": "United States" },
{"airportCode": "BCV", "airportName": "Belmopan Airport", "type": "airport", "cityCode": "", "cityName": "Belmopan", "countryCode": "BZ", "countryName": "Belize" },
{"airportCode": "USU", "airportName": "Busuanga Airport", "type": "airport", "cityCode": "USU", "cityName": "Busuanga", "countryCode": "PH", "countryName": "Philippines" },
{"airportCode": "AAW", "airportName": "Abbottabad Airport", "type": "airport", "cityCode": "", "cityName": "Abbottabad", "countryCode": "PK", "countryName": "Pakistan" },
{"airportCode": "DBP", "airportName": "Debepare Airport", "type": "airport", "cityCode": "", "cityName": "Debapare", "countryCode": "PG", "countryName": "Papua New Guinea" },
{"airportCode": "DLN", "airportName": "Dillon Airport", "type": "airport", "cityCode": "", "cityName": "Dillon", "countryCode": "US", "countryName": "United States" },
{"airportCode": "EPR", "airportName": "Esperance Airport", "type": "airport", "cityCode": "EPR", "cityName": "Esperance", "countryCode": "AU", "countryName": "Australia" },
{"airportCode": "EIS", "airportName": "Beef Island Airport", "type": "airport", "cityCode": "", "cityName": "Beef Island", "countryCode": "VG", "countryName": "British Virgin Islands" },
{"airportCode": "PBA", "airportName": "Point Barrow Airport", "type": "airport", "cityCode": "", "cityName": "Point Barrow", "countryCode": "US", "countryName": "United States" },
{"airportCode": "IXZ", "airportName": "Port Blair Airport", "type": "airport", "cityCode": "IXZ", "cityName": "Port Blair", "countryCode": "IN", "countryName": "India" },
{"airportCode": "BUN", "airportName": "Buenaventura Airport", "type": "airport", "cityCode": "", "cityName": "Buenaventura", "countryCode": "CO", "countryName": "Colombia" },
{"airportCode": "GVE", "airportName": "Gordonsville Airport", "type": "airport", "cityCode": "GVE", "cityName": "Gordonsville", "countryCode": "US", "countryName": "United States" },
{"airportCode": "YPQ", "airportName": "Peterborough Airport", "type": "airport", "cityCode": "YPQ", "cityName": "Peterborough", "countryCode": "CA", "countryName": "Canada" },
{"airportCode": "IPT", "airportName": "Lycoming County Airport", "type": "airport", "cityCode": "WILS", "cityName": "Williamsport", "countryCode": "US", "countryName": "United States" },
{"airportCode": "MNL", "airportName": "Ninoy Aquino International Airport", "type": "airport", "cityCode": "MNL", "cityName": "Manila", "countryCode": "PH", "countryName": "Philippines" },
{"airportCode": "CXA", "airportName": "Caicara Airport", "type": "airport", "cityCode": "", "cityName": "Caicara", "countryCode": "VE", "countryName": "Venezuela" },
{"airportCode": "SMH", "airportName": "Sapmanga Airport", "type": "airport", "cityCode": "", "cityName": "Sapmanga", "countryCode": "PG", "countryName": "Papua New Guinea" },
{"airportCode": "DHD", "airportName": "Durham Downs Airport", "type": "airport", "cityCode": "", "cityName": "Durham Downs", "countryCode": "AU", "countryName": "Australia" },
{"airportCode": "ADE", "airportName": "Aden International Airport", "type": "airport", "cityCode": "ADE", "cityName": "Aden", "countryCode": "YE", "countryName": "Yemen Republic" },
{"airportCode": "ERH", "airportName": "Errachidia Airport", "type": "airport", "cityCode": "ERRA", "cityName": "Errachidia", "countryCode": "MA", "countryName": "Morocco" },
{"airportCode": "RTG", "airportName": "Ruteng Airport", "type": "airport", "cityCode": "", "cityName": "Ruteng", "countryCode": "ID", "countryName": "Indonesia" },
{"airportCode": "TBG", "airportName": "Tabubil Airport", "type": "airport", "cityCode": "", "cityName": "Tabubil", "countryCode": "PG", "countryName": "Papua New Guinea" },
{"airportCode": "TRE", "airportName": "Tiree Island Airport", "type": "airport", "cityCode": "", "cityName": "Tiree Island", "countryCode": "GB", "countryName": "United Kingdom" },
{"airportCode": "YQC", "airportName": "Quaqtaq Airport", "type": "airport", "cityCode": "", "cityName": "Quaqtaq", "countryCode": "CA", "countryName": "Canada" },
{"airportCode": "WVV", "airportName": "Volovan", "type": "airport", "cityCode": "", "cityName": "Volovan", "countryCode": "MG", "countryName": "Madagascar" },
{"airportCode": "TGX", "airportName": "Tingrela Airport", "type": "airport", "cityCode": "", "cityName": "Tingrela", "countryCode": "CI", "countryName": "Ivory Coast" },
{"airportCode": "SZO", "airportName": "Shanzhou Airport", "type": "airport", "cityCode": "", "cityName": "Shanzhou", "countryCode": "CN", "countryName": "China" },
{"airportCode": "ORT", "airportName": "Northway Airport", "type": "airport", "cityCode": "", "cityName": "Northway", "countryCode": "US", "countryName": "United States" },
{"airportCode": "TBS", "airportName": "Novo Alexeyevka Airport", "type": "airport", "cityCode": "TBS", "cityName": "Tbilisi", "countryCode": "GE", "countryName": "Georgia" },
{"airportCode": "VDC", "airportName": "Vitoria Da Conquista Airport", "type": "airport", "cityCode": "", "cityName": "Vitoria da Conquist", "countryCode": "BR", "countryName": "Brazil" },
{"airportCode": "OMN", "airportName": "Osmanabad Airport", "type": "airport", "cityCode": "", "cityName": "Osmanabad", "countryCode": "IN", "countryName": "India" },
{"airportCode": "SSM", "airportName": "Sault Sainte Marie County Airport", "type": "airport", "cityCode": "", "cityName": "Sault Sainte Marie", "countryCode": "US", "countryName": "United States" },
{"airportCode": "JCN", "airportName": "Incheon Airport", "type": "airport", "cityCode": "INCO", "cityName": "Incheon", "countryCode": "KR", "countryName": "South Korea" },
{"airportCode": "DWA", "airportName": "Dwangwa Airport", "type": "airport", "cityCode": "", "cityName": "Dwangwa", "countryCode": "MW", "countryName": "Malawi" },
{"airportCode": "KTE", "airportName": "Kerteh Airport", "type": "airport", "cityCode": "KTE", "cityName": "Kerteh", "countryCode": "MY", "countryName": "Malaysia" },
{"airportCode": "NGD", "airportName": "Anegada Municipal Airport", "type": "airport", "cityCode": "", "cityName": "Anegada", "countryCode": "VG", "countryName": "British Virgin Islands" },
{"airportCode": "LUY", "airportName": "Lushoto Airport", "type": "airport", "cityCode": "", "cityName": "Lushoto", "countryCode": "TZ", "countryName": "Tanzania" },
{"airportCode": "BXG", "airportName": "Bendigo Airport", "type": "airport", "cityCode": "ABEV", "cityName": "Bendigo", "countryCode": "AU", "countryName": "Australia" },
{"airportCode": "DTT", "airportName": "Detroit All Airports", "type": "airport", "cityCode": "DTT", "cityName": "Detroit", "countryCode": "US", "countryName": "United States" },
{"airportCode": "MQQ", "airportName": "Moundou Airport", "type": "airport", "cityCode": "", "cityName": "Moundou", "countryCode": "TD", "countryName": "Chad" },
{"airportCode": "KPM", "airportName": "Kompiam Airport", "type": "airport", "cityCode": "", "cityName": "Kompiam", "countryCode": "PG", "countryName": "Papua New Guinea" },
{"airportCode": "PDB", "airportName": "Pedro Bay Municipal Airport", "type": "airport", "cityCode": "", "cityName": "Pedro Bay", "countryCode": "US", "countryName": "United States" },
{"airportCode": "NCT", "airportName": "Nicoya Airport", "type": "airport", "cityCode": "NCT", "cityName": "Nicoya", "countryCode": "CR", "countryName": "Costa Rica" },
{"airportCode": "ECH", "airportName": "Echuca Airport", "type": "airport", "cityCode": "ECH", "cityName": "Echuca", "countryCode": "AU", "countryName": "Australia" },
{"airportCode": "KSP", "airportName": "Kosipe Airport", "type": "airport", "cityCode": "", "cityName": "Kosipe", "countryCode": "PG", "countryName": "Papua New Guinea" },
{"airportCode": "NAI", "airportName": "Annai Airport", "type": "airport", "cityCode": "", "cityName": "Annai", "countryCode": "GY", "countryName": "Guyana" },
{"airportCode": "WMD", "airportName": "Mandabe Airport", "type": "airport", "cityCode": "", "cityName": "Mandabe", "countryCode": "MG", "countryName": "Madagascar" },
{"airportCode": "OSE", "airportName": "Omora Airport", "type": "airport", "cityCode": "", "cityName": "Omora", "countryCode": "PG", "countryName": "Papua New Guinea" },
{"airportCode": "HJR", "airportName": "Khajuraho Airport", "type": "airport", "cityCode": "HJR", "cityName": "Khajuraho", "countryCode": "IN", "countryName": "India" },
{"airportCode": "JIJ", "airportName": "Jijiga Airport", "type": "airport", "cityCode": "", "cityName": "Jijiga", "countryCode": "ET", "countryName": "Ethiopia" },
{"airportCode": "EKD", "airportName": "Elkedra Airport", "type": "airport", "cityCode": "", "cityName": "Elkedra", "countryCode": "AU", "countryName": "Australia" },
{"airportCode": "LGS", "airportName": "Malargue Airport", "type": "airport", "cityCode": "", "cityName": "Malargue", "countryCode": "AR", "countryName": "Argentina" },
{"airportCode": "ARV", "airportName": "Minocqua Airport", "type": "airport", "cityCode": "", "cityName": "Minocqua", "countryCode": "US", "countryName": "United States" },
{"airportCode": "KRE", "airportName": "Kirundo Airport", "type": "airport", "cityCode": "", "cityName": "Kirundo", "countryCode": "BI", "countryName": "Burundi" },
{"airportCode": "FCY", "airportName": "Forrest City Airport", "type": "airport", "cityCode": "FCY", "cityName": "Forrest City", "countryCode": "US", "countryName": "United States" },
{"airportCode": "GIM", "airportName": "Miele Mimbale Airport", "type": "airport", "cityCode": "", "cityName": "Miele Mimbale", "countryCode": "GA", "countryName": "Gabon" },
{"airportCode": "STJ", "airportName": "Saint Joseph Airport", "type": "airport", "cityCode": "", "cityName": "St. Joseph", "countryCode": "US", "countryName": "United States" },
{"airportCode": "CCC", "airportName": "Cayo Coco Municipal Airport", "type": "airport", "cityCode": "CCC", "cityName": "Cayo Coco", "countryCode": "CU", "countryName": "Cuba" },
{"airportCode": "YGO", "airportName": "Gods Lake Narrows Airport", "type": "airport", "cityCode": "", "cityName": "God's Narrows", "countryCode": "CA", "countryName": "Canada" },
{"airportCode": "AOT", "airportName": "Aosta Airport", "type": "airport", "cityCode": "AOST", "cityName": "Aosta", "countryCode": "IT", "countryName": "Italy" },
{"airportCode": "BTK", "airportName": "Bratsk Airport", "type": "airport", "cityCode": "", "cityName": "Bratsk", "countryCode": "RU", "countryName": "Russia" },
{"airportCode": "KWU", "airportName": "Mansion House Airport", "type": "airport", "cityCode": "", "cityName": "Mansion House", "countryCode": "NZ", "countryName": "New Zealand" },
{"airportCode": "YTU", "airportName": "Tasu Airport", "type": "airport", "cityCode": "", "cityName": "Tasu", "countryCode": "CA", "countryName": "Canada" },
{"airportCode": "CPM", "airportName": "Compton Airport", "type": "airport", "cityCode": "CPM", "cityName": "Compton", "countryCode": "US", "countryName": "United States" },
{"airportCode": "KUG", "airportName": "Kubin Island Airport", "type": "airport", "cityCode": "", "cityName": "Kubin Island", "countryCode": "AU", "countryName": "Australia" },
{"airportCode": "OMR", "airportName": "Oradea Airport", "type": "airport", "cityCode": "OMR", "cityName": "Oradea", "countryCode": "RO", "countryName": "Romania" },
{"airportCode": "NKU", "airportName": "Nkaus Airport", "type": "airport", "cityCode": "", "cityName": "Nkaus", "countryCode": "LS", "countryName": "Lesotho" },
{"airportCode": "KPI", "airportName": "Kapit Airport", "type": "airport", "cityCode": "", "cityName": "Kapit", "countryCode": "MY", "countryName": "Malaysia" },
{"airportCode": "LCI", "airportName": "Laconia Municipal Airport", "type": "airport", "cityCode": "", "cityName": "Laconia", "countryCode": "US", "countryName": "United States" },
{"airportCode": "AAK", "airportName": "Aranuka Airport", "type": "airport", "cityCode": "", "cityName": "Aranuka", "countryCode": "KI", "countryName": "Kiribati" },
{"airportCode": "GUF", "airportName": "Gulf Shores Airport", "type": "airport", "cityCode": "GUF", "cityName": "Gulf Shores", "countryCode": "US", "countryName": "United States" },
{"airportCode": "QQP", "airportName": "Paddington Rail Station", "type": "airport", "cityCode": "LON", "cityName": "London", "countryCode": "GB", "countryName": "United Kingdom" },
{"airportCode": "IGH", "airportName": "Ingham Airport", "type": "airport", "cityCode": "", "cityName": "Ingham", "countryCode": "AU", "countryName": "Australia" },
{"airportCode": "PBH", "airportName": "Paro Airport", "type": "airport", "cityCode": "", "cityName": "Paro", "countryCode": "BT", "countryName": "Bhutan" },
{"airportCode": "MRQ", "airportName": "Marinduque Airport", "type": "airport", "cityCode": "", "cityName": "Marinduque", "countryCode": "PH", "countryName": "Philippines" },
{"airportCode": "IXT", "airportName": "Pasighat Airport", "type": "airport", "cityCode": "", "cityName": "Pasighat", "countryCode": "IN", "countryName": "India" },
{"airportCode": "VTG", "airportName": "Vung Tau Airport", "type": "airport", "cityCode": "", "cityName": "Vung Tau", "countryCode": "VN", "countryName": "Vietnam" },
{"airportCode": "IXG", "airportName": "Belgaum Airport", "type": "airport", "cityCode": "", "cityName": "Belgaum", "countryCode": "IN", "countryName": "India" },
{"airportCode": "MSG", "airportName": "Matsaile Airport", "type": "airport", "cityCode": "", "cityName": "Matsaile", "countryCode": "LS", "countryName": "Lesotho" },
{"airportCode": "AKU", "airportName": "Aksu Airport", "type": "airport", "cityCode": "AKU", "cityName": "Aksu", "countryCode": "CN", "countryName": "China" },
{"airportCode": "BPN", "airportName": "Sepinggan Airport", "type": "airport", "cityCode": "", "cityName": "Balikpapan", "countryCode": "ID", "countryName": "Indonesia" },
{"airportCode": "ESC", "airportName": "Delta County Airport", "type": "airport", "cityCode": "ESC", "cityName": "Escanaba", "countryCode": "US", "countryName": "United States" },
{"airportCode": "PIS", "airportName": "Biard Airport", "type": "airport", "cityCode": "PIS", "cityName": "Poitiers", "countryCode": "FR", "countryName": "France" },
{"airportCode": "KMF", "airportName": "Kamina Airport", "type": "airport", "cityCode": "", "cityName": "Kamina", "countryCode": "PG", "countryName": "Papua New Guinea" },
{"airportCode": "SJW", "airportName": "Shijiazhuang Airport", "type": "airport", "cityCode": "SJW", "cityName": "Shijiazhuang", "countryCode": "CN", "countryName": "China" },
{"airportCode": "SRX", "airportName": "Sert Airport", "type": "airport", "cityCode": "", "cityName": "Sert", "countryCode": "LY", "countryName": "Libya" },
{"airportCode": "NGI", "airportName": "Ngau Island Airport", "type": "airport", "cityCode": "", "cityName": "Ngau", "countryCode": "FJ", "countryName": "Fiji" },
{"airportCode": "CMO", "airportName": "Obbia Airport", "type": "airport", "cityCode": "", "cityName": "Obbia", "countryCode": "SO", "countryName": "Somalia" },
{"airportCode": "MRL", "airportName": "Miner's Lake Airport", "type": "airport", "cityCode": "", "cityName": "Miners Lake", "countryCode": "AU", "countryName": "Australia" },
{"airportCode": "MTK", "airportName": "Makin Island Airport", "type": "airport", "cityCode": "", "cityName": "Makin", "countryCode": "KI", "countryName": "Kiribati" },
{"airportCode": "SGZ", "airportName": "Songkhla Airport", "type": "airport", "cityCode": "", "cityName": "Songkhla", "countryCode": "TH", "countryName": "Thailand" },
{"airportCode": "GMZ", "airportName": "La Gomera Airport", "type": "airport", "cityCode": "", "cityName": "San Sebastian de la", "countryCode": "ES", "countryName": "Spain" },
{"airportCode": "ATT", "airportName": "Atmautluak Airport", "type": "airport", "cityCode": "", "cityName": "Atmautluak", "countryCode": "US", "countryName": "United States" },
{"airportCode": "BQW", "airportName": "Balgo Hills Airport", "type": "airport", "cityCode": "", "cityName": "Balgo Hills", "countryCode": "AU", "countryName": "Australia" },
{"airportCode": "BYK", "airportName": "Bouake Airport", "type": "airport", "cityCode": "", "cityName": "Bouake", "countryCode": "CI", "countryName": "Ivory Coast" },
{"airportCode": "EGO", "airportName": "Belgorod Airport", "type": "airport", "cityCode": "", "cityName": "Belgorod", "countryCode": "RU", "countryName": "Russia" },
{"airportCode": "KKA", "airportName": "Koyuk Airport", "type": "airport", "cityCode": "", "cityName": "Koyuk", "countryCode": "US", "countryName": "United States" },
{"airportCode": "ZPD", "airportName": "Oldenburg", "type": "airport", "cityCode": "", "cityName": "Oldenburg", "countryCode": "DE", "countryName": "Germany" },
{"airportCode": "PFO", "airportName": "Paphos International Airport", "type": "airport", "cityCode": "PAPH", "cityName": "Paphos", "countryCode": "CY", "countryName": "Cyprus" },
{"airportCode": "MHP", "airportName": "Minsk International Airport", "type": "airport", "cityCode": "", "cityName": "Minsk Belarus", "countryCode": "BY", "countryName": "Belarus" },
{"airportCode": "CIH", "airportName": "Changzhi Airport", "type": "airport", "cityCode": "", "cityName": "Changzhi", "countryCode": "CN", "countryName": "China" },
{"airportCode": "BRY", "airportName": "Bardstown Airport", "type": "airport", "cityCode": "BRY", "cityName": "Bardstown", "countryCode": "US", "countryName": "United States" },
{"airportCode": "KWN", "airportName": "Kwinhagak Airport", "type": "airport", "cityCode": "", "cityName": "Quinhagak", "countryCode": "US", "countryName": "United States" },
{"airportCode": "HRJ", "airportName": "Chaurjhari Airport", "type": "airport", "cityCode": "", "cityName": "Chaurjhari", "countryCode": "NP", "countryName": "Nepal" },
{"airportCode": "KBO", "airportName": "Kabalo Airport", "type": "airport", "cityCode": "", "cityName": "Kabalo", "countryCode": "ZR", "countryName": "Zaire" },
{"airportCode": "ADZ", "airportName": "San Andres Island Airport", "type": "airport", "cityCode": "ADZ", "cityName": "San Andres Island", "countryCode": "CO", "countryName": "Colombia" },
{"airportCode": "LKO", "airportName": "Amausi Airport", "type": "airport", "cityCode": "LUCK", "cityName": "Lucknow", "countryCode": "IN", "countryName": "India" },
{"airportCode": "SXP", "airportName": "Sheldon Point Municipal Airport", "type": "airport", "cityCode": "SXP", "cityName": "Sheldon Point", "countryCode": "US", "countryName": "United States" },
{"airportCode": "TUV", "airportName": "Tucupita Airport", "type": "airport", "cityCode": "", "cityName": "Tucupita", "countryCode": "VE", "countryName": "Venezuela" },
{"airportCode": "HYD", "airportName": "Begumpet Airport", "type": "airport", "cityCode": "HYD", "cityName": "Hyderabad", "countryCode": "IN", "countryName": "India" },
{"airportCode": "GMB", "airportName": "Gambela Airport", "type": "airport", "cityCode": "", "cityName": "Gambela", "countryCode": "ET", "countryName": "Ethiopia" },
{"airportCode": "MDH", "airportName": "Southern Illinois Airport", "type": "airport", "cityCode": "MDH", "cityName": "Carbondale", "countryCode": "US", "countryName": "United States" },
{"airportCode": "MAZ", "airportName": "Eugenio Maria de Hostos Airport", "type": "airport", "cityCode": "MAZ", "cityName": "Mayaguez", "countryCode": "PR", "countryName": "Puerto Rico" },
{"airportCode": "EBU", "airportName": "Boutheon Airport", "type": "airport", "cityCode": "", "cityName": "St. Etienne", "countryCode": "FR", "countryName": "France" },
{"airportCode": "KKO", "airportName": "Kaikohe Airport", "type": "airport", "cityCode": "", "cityName": "Kaikohe", "countryCode": "NZ", "countryName": "New Zealand" },
{"airportCode": "RNL", "airportName": "Rennell Airport", "type": "airport", "cityCode": "", "cityName": "Rennell", "countryCode": "SB", "countryName": "Solomon Island" },
{"airportCode": "UIO", "airportName": "Mariscal Sucre Airport", "type": "airport", "cityCode": "UIO", "cityName": "Quito", "countryCode": "EC", "countryName": "Ecuador" },
{"airportCode": "ZAR", "airportName": "Zaria Airport", "type": "airport", "cityCode": "", "cityName": "Zaria", "countryCode": "NG", "countryName": "Nigeria" },
{"airportCode": "GEX", "airportName": "Geelong Airport", "type": "airport", "cityCode": "GEX", "cityName": "Geelong", "countryCode": "AU", "countryName": "Australia" },
{"airportCode": "LHW", "airportName": "Lanzhou Airport", "type": "airport", "cityCode": "LHW", "cityName": "Lanzhou", "countryCode": "CN", "countryName": "China" },
{"airportCode": "YEO", "airportName": "Yeovilton Airport", "type": "airport", "cityCode": "", "cityName": "Yeovilton", "countryCode": "GB", "countryName": "United Kingdom" },
{"airportCode": "ZRM", "airportName": "Sarmi Airport", "type": "airport", "cityCode": "", "cityName": "Sarmi", "countryCode": "ID", "countryName": "Indonesia" },
{"airportCode": "YWM", "airportName": "Williams Harbour Airport", "type": "airport", "cityCode": "", "cityName": "Williams Harbour", "countryCode": "CA", "countryName": "Canada" },
{"airportCode": "YHZ", "airportName": "Halifax International Airport", "type": "airport", "cityCode": "YHZ", "cityName": "Halifax", "countryCode": "CA", "countryName": "Canada" }],
    "isSuccess": true,
    "message": null,
    "errorCode": null
}