{
  "hotels": [
    {
      "name": "Dorsett Singapore",
      "hotelId": "gq001",
      "url": "/hotel/SIN/gq001-Dorsett Singapore",
      "image": "//pix6.agoda.net/hotelImages/408/408551/408551_16102014370047967602.jpg?s=1024x768",
      "stars": 4,
      "lon": 103.840047,
      "lat": 1.279664,
      "rating": {
        "score": "89",
        "text": "Excellent",
        "locationRating": null,
        "reviews": 89
      },
      "price": {
        "perPerson": {
          "price": 145.44,
          "originalPrice": 300.123
        },
        "perPackage": {
          "price": 240.44,
          "originalPrice": 400.123
        }
      }
    },
    {
      "name": "Grand Park City Hall Hotel",
      "hotelId": "gq002",
      "url": "/hotel/SIN/gq002-Grand Park City Hall Hotel",
      "image": "//pix6.agoda.net/hotelImages/105/10595/10595_17083108250055864602.jpg?s=1024x768",
      "stars": 5,
      "lon": 103.850028,
      "lat": 1.292519,
      "rating": {
        "score": "80",
        "text": "Very Good",
        "locationRating": "Excellent location",
        "reviews": 82
      },
      "price": {
        "perPerson": {
          "price": 245,
          "originalPrice": "300"
        },
        "perPackage": {
          "price": 340,
          "originalPrice": "440"
        }
      }
    },
    {
      "name": "Pegasus Hotel",
      "hotelId": "gq003",
      "url": "/hotel/SIN/gq002-PegasusHotel",
      "image": "//pix6.agoda.net/hotelImages/105/10595/10595_17083108250055864602.jpg?s=1024x768",
      "stars": 2,
      "lon": 103.795402,
      "lat": 1.334382,
      "rating": {
        "score": null,
        "text": "Good",
        "locationRating": "Good location",
        "reviews": 78
      },
      "price": {
        "perPerson": {
          "price": 2435,
          "originalPrice": null
        },
        "perPackage": {
          "price": 34320,
          "originalPrice": null
        }
      }
    },
    {
      "name": "Metropolitan YMCA",
      "hotelId": "gq004",
      "url": "/hotel/SIN/gq002-MetropolitanYMCA",
      "image": "//pix6.agoda.net/hotelImages/105/10595/10595_17083108250055864602.jpg?s=1024x768",
      "stars": 4,
      "lon": 103.826543,
      "lat": 1.316451,
      "rating": {
        "score": "40",
        "text": "Poor",
        "locationRating": "Good location",
        "reviews": 50
      },
      "price": {
        "perPerson": {
          "price": 2435,
          "originalPrice": 0
        },
        "perPackage": {
          "price": 34320,
          "originalPrice": 0
        }
      }
    },
    {
      "name": "Grand Hyatt",
      "hotelId": "gq005",
      "url": "/hotel/SIN/gq002-GrandHyatt",
      "image": "//pix6.agoda.net/hotelImages/105/10595/10595_17083108250055864602.jpg?s=1024x768",
      "stars": 5,
      "lon": 103.833336,
      "lat": 1.306308,
      "rating": {
        "score": "60",
        "text": "Poor",
        "locationRating": "Good location",
        "reviews": 50
      },
      "price": {
        "perPerson": {
          "price": 2435,
          "originalPrice": "30320"
        },
        "perPackage": {
          "price": 34320,
          "originalPrice": "44320"
        }
      }
    },
    {
      "name": "YOTEL Singapore",
      "hotelId": "gq006",
      "url": "/hotel/SIN/gq002-YOTELSingapore",
      "image": "//pix6.agoda.net/hotelImages/105/10595/10595_17083108250055864602.jpg?s=1024x768",
      "stars": 5,
      "lon": 103.831233,
      "lat": 1.306512,
      "rating": {
        "score": "80",
        "text": "Very good",
        "locationRating": "Good location",
        "reviews": 50
      },
      "price": {
        "perPerson": {
          "price": 2435,
          "originalPrice": "30320"
        },
        "perPackage": {
          "price": 34320,
          "originalPrice": "44320"
        }
      }
    }
  ]
}