{
  "priceSummary":
  {
    "currency": "MYR",
    "adult": 2000,
    "child": 1000,
    "infant": 500,
    "taxesFees": 200,
    "savings": 50,
    "total": 3670,
    "addons":
    {
      "transfer": 20
    }
  },
  "hotelSummary":
  {
    "name": "Grand Park City Hall Hotel",
    "room": "Double Room",
    "roomCount": 1,
    "boardType": 2,
    "checkin": "2019-01-03",
    "checkout": "2019-01-06",
    "freeCancellationBefore": "2018-12-15",
    "image": "//pix6.agoda.net/hotelImages/408/408551/408551_16102014370047967602.jpg?s=1024x768"
  },
  "searchQuery":
  {
    "from": "KUL",
    "to": "TYO",
    "depart": "2019-01-03",
    "return": "2019-01-06",
    "roomCount": 1,
    "adultCount": 2,
    "childCount": 1,
    "infantCount": 1
  },
  "flightSummary":
  {
    "departFlight":
    {
      "flightId": "fl004",
      "airlineCodes": [
        "SQ",
        "DJ"
      ],
      "duration": 420,
      "departure": {
        "airportCode": "KUL",
        "airportName": "Kuala Lumpur International Airport",
        "date": "2019-01-02",
        "time": "22:00"
      },
      "arrival": {
        "airportCode": "TAK",
        "airportName": "Takamatsu Airport",
        "date": "2019-01-03",
        "time": "05:00"
      },
      "legDetails": [
        {
          "airlineCodes": "SQ",
          "airlineName": "Singapore Airlines Ltd",
          "flightNumber": "0004",
          "aircraftModel": "Boeing 220 Aircraft",
          "cabinClassCode": "Y",
          "cabinClassName": "Economy",
          "baggageWeight": 10,
          "duration": 180,
          "transitDuration": 0,
          "departure": {
            "airportCode": "HKT",
            "airportName": "Phuket Airport",
            "date": "2019-01-02",
            "time": "22:00"
          },
          "arrival": {
            "airportCode": "CZH",
            "airportName": "Changzhou Airport",
            "date": "2019-01-03",
            "time": "01:00"
          }
        },
        {
          "airlineCodes": "DJ",
          "airlineName": "AirAsia Japan Co. Ltd.",
          "flightNumber": "0005",
          "aircraftModel": "Boeing 220 Aircraft",
          "cabinClassCode": "Y",
          "cabinClassName": "Economy",
          "baggageWeight": 10,
          "duration": 240,
          "transitDuration": 0,
          "departure": {
            "airportCode": "CZH",
            "airportName": "Changzhou Airport",
            "date": "2019-01-03",
            "time": "01:00"
          },
          "arrival": {
            "airportCode": "TAK",
            "airportName": "Takamatsu Airport",
            "date": "2019-01-03",
            "time": "05:00"
          }
        }
      ],
      "price": {
        "additionalPerPerson": 2000,
        "additionalPerPackage": 5000
      }
    },
    "returnFlight":
    {
      "flightId": "fl005",
      "airlineCodes": [
        "DJ",
        "SQ"
      ],
      "duration": 420,
      "departure": {
        "airportCode": "TAK",
        "airportName": "Takamatsu Airport",
        "date": "2019-01-06",
        "time": "17:00"
      },
      "arrival": {
        "airportCode": "KUL",
        "airportName": "Kuala Lumpur International Airport",
        "date": "2019-01-07",
        "time": "00:00"
      },
      "legDetails": [
        {
          "airlineCodes": "SQ",
          "airlineName": "Singapore Airlines Ltd",
          "flightNumber": "0004",
          "aircraftModel": "Boeing 220 Aircraft",
          "cabinClassCode": "Y",
          "cabinClassName": "Economy",
          "baggageWeight": 10,
          "duration": 240,
          "transitDuration": 0,
          "departure": {
            "airportCode": "TAK",
            "airportName": "Takamatsu Airport",
            "date": "2019-01-06",
            "time": "17:00"
          },
          "arrival": {
            "airportCode": "CZH",
            "airportName": "Changzhou Airport",
            "date": "2019-01-06",
            "time": "21:00"
          }
        },
        {
          "airlineCodes": "DJ",
          "airlineName": "AirAsia Japan Co. Ltd.",
          "flightNumber": "0005",
          "aircraftModel": "Boeing 220 Aircraft",
          "cabinClassCode": "Y",
          "cabinClassName": "Economy",
          "baggageWeight": 10,
          "duration": 180,
          "transitDuration": 0,
          "departure": {
            "airportCode": "CZH",
            "airportName": "Changzhou Airport",
            "date": "2019-01-06",
            "time": "21:00"
          },
          "arrival": {
            "airportCode": "HKT",
            "airportName": "Phuket Airport",
            "date": "2019-01-07",
            "time": "00:00"
          }
        }
      ],
      "price": {
        "additionalPerPerson": 2000,
        "additionalPerPackage": 5000
      }
    }
  },
  "addonSummary": {
    "transferSummary": {
      "price": 20,
      "details": {
        "id": "tr001",
        "title": "Return Private Transfer",
        "description": "Return private transfer",
        "image": "//source.unsplash.com/user/sorodocul",
        "maxPax": 4,
        "maxBags": 3,
        "duration": 30,
        "price": {
          "originalPrice": 20,
          "price": 20
        }
      }
    }
  }
}