{
  "flights": [
    {
      "flightId": "fl001",
      "airlineCodes": [
        "TG"
      ],
      "duration": 110,
      "departure": {
        "airportCode": "HKT",
        "airportName": "Phuket Airport",
        "date": "2018-08-28",
        "time": "19:50"
      },
      "arrival": {
        "airportCode": "TAK",
        "airportName": "Takamatsu Airport",
        "date": "2018-08-28",
        "time": "22:40"
      },
      "legDetails": [
        {
          "airlineCodes": "TG",
          "airlineName": "Thai Airways",
          "flightNumber": "0001",
          "aircraftModel": "Boeing 220 Aircraft",
          "cabinClassCode": "Y",
          "cabinClassName": "Economy",
          "baggageWeight": 10,
          "duration": 110,
          "transitDuration": 0,
          "departure": {
            "airportCode": "HKT",
            "airportName": "Phuket Airport",
            "date": "2018-08-28",
            "time": "19:50"
          },
          "arrival": {
            "airportCode": "TAK",
            "airportName": "Takamatsu Airport",
            "date": "2018-08-28",
            "time": "22:40"
          }
        }
      ],
      "price": {
        "additionalPerPerson": 1800,
        "additionalPerPackage": 4800
      }
    },
    {
      "flightId": "fl002",
      "airlineCodes": [
        "TG"
      ],
      "duration": 110,
      "departure": {
        "airportCode": "HKT",
        "airportName": "Phuket Airport",
        "date": "2018-08-28",
        "time": "19:50"
      },
      "arrival": {
        "airportCode": "TAK",
        "airportName": "Takamatsu Airport",
        "date": "2018-08-28",
        "time": "22:40"
      },
      "legDetails": [
        {
          "airlineCodes": "TG",
          "airlineName": "Thai Airways",
          "flightNumber": "0002",
          "aircraftModel": "Boeing 220 Aircraft",
          "cabinClassCode": "Y",
          "cabinClassName": "Economy",
          "baggageWeight": 10,
          "duration": 110,
          "transitDuration": 0,
          "departure": {
            "airportCode": "HKT",
            "airportName": "Phuket Airport",
            "date": "2018-08-28",
            "time": "19:50"
          },
          "arrival": {
            "airportCode": "TAK",
            "airportName": "Takamatsu Airport",
            "date": "2018-08-28",
            "time": "22:40"
          }
        }
      ],
      "price": {
        "additionalPerPerson": 2000,
        "additionalPerPackage": 5000
      }
    },
    {
      "flightId": "fl003",
      "airlineCodes": [
        "TG"
      ],
      "duration": 240,
      "departure": {
        "airportCode": "HKT",
        "airportName": "Phuket Airport",
        "date": "2018-08-28",
        "time": "19:50"
      },
      "arrival": {
        "airportCode": "TAK",
        "airportName": "Takamatsu Airport",
        "date": "2018-08-29",
        "time": "01:50"
      },
      "legDetails": [
        {
          "airlineCodes": "TG",
          "airlineName": "Thai Airways",
          "flightNumber": "0003",
          "aircraftModel": "Boeing 220 Aircraft",
          "cabinClassCode": "Y",
          "cabinClassName": "Economy",
          "baggageWeight": 10,
          "duration": 240,
          "transitDuration": 0,
          "departure": {
            "airportCode": "HKT",
            "airportName": "Phuket Airport",
            "date": "2018-08-28",
            "time": "19:50"
          },
          "arrival": {
            "airportCode": "TAK",
            "airportName": "Takamatsu Airport",
            "date": "2018-08-29",
            "time": "01:50"
          }
        }
      ],
      "price": {
        "additionalPerPerson": 2000,
        "additionalPerPackage": 5000
      }
    },
    {
      "flightId": "fl004",
      "airlineCodes": [
        "SQ",
        "NH"
      ],
      "duration": 280,
      "departure": {
        "airportCode": "HKT",
        "airportName": "Phuket Airport",
        "date": "2018-08-28",
        "time": "19:50"
      },
      "arrival": {
        "airportCode": "TAK",
        "airportName": "Takamatsu Airport",
        "date": "2018-08-29",
        "time": "02:30"
      },
      "legDetails": [
        {
          "airlineCodes": "SQ",
          "airlineName": "Singapore Airlines Ltd",
          "flightNumber": "0004",
          "aircraftModel": "Boeing 220 Aircraft",
          "cabinClassCode": "Y",
          "cabinClassName": "Economy",
          "baggageWeight": 10,
          "duration": 110,
          "transitDuration": 0,
          "departure": {
            "airportCode": "HKT",
            "airportName": "Phuket Airport",
            "date": "2018-08-28",
            "time": "19:50"
          },
          "arrival": {
            "airportCode": "CZH",
            "airportName": "Changzhou Airport",
            "date": "2018-08-28",
            "time": "22:40"
          }
        },
        {
          "airlineCodes": "NH",
          "airlineName": "Air Nippon Co. Ltd.",
          "flightNumber": "0005",
          "aircraftModel": "Boeing 220 Aircraft",
          "cabinClassCode": "Y",
          "cabinClassName": "Economy",
          "baggageWeight": 10,
          "duration": 110,
          "transitDuration": 0,
          "departure": {
            "airportCode": "CZH",
            "airportName": "Changzhou Airport",
            "date": "2018-08-28",
            "time": "23:40"
          },
          "arrival": {
            "airportCode": "TAK",
            "airportName": "Takamatsu Airport",
            "date": "2018-08-29",
            "time": "02:30"
          }
        }
      ],
      "price": {
        "additionalPerPerson": 2000,
        "additionalPerPackage": 5000
      }
    },
    {
      "flightId": "fl005",
      "airlineCodes": [
        "SQ",
        "NH"
      ],
      "duration": 340,
      "departure": {
        "airportCode": "HKT",
        "airportName": "Phuket Airport",
        "date": "2018-08-28",
        "time": "19:50"
      },
      "arrival": {
        "airportCode": "TAK",
        "airportName": "Takamatsu Airport",
        "date": "2018-08-29",
        "time": "03:30"
      },
      "legDetails": [
        {
          "airlineCodes": "SQ",
          "airlineName": "Singapore Airlines Ltd",
          "flightNumber": "0004",
          "aircraftModel": "Boeing 220 Aircraft",
          "cabinClassCode": "Y",
          "cabinClassName": "Economy",
          "baggageWeight": 10,
          "duration": 110,
          "transitDuration": 0,
          "departure": {
            "airportCode": "HKT",
            "airportName": "Phuket Airport",
            "date": "2018-08-28",
            "time": "19:50"
          },
          "arrival": {
            "airportCode": "CZH",
            "airportName": "Changzhou Airport",
            "date": "2018-08-28",
            "time": "22:40"
          }
        },
        {
          "airlineCodes": "NH",
          "airlineName": "Air Nippon Co. Ltd.",
          "flightNumber": "0005",
          "aircraftModel": "Boeing 220 Aircraft",
          "cabinClassCode": "Y",
          "cabinClassName": "Economy",
          "baggageWeight": 10,
          "duration": 110,
          "transitDuration": 0,
          "departure": {
            "airportCode": "CZH",
            "airportName": "Changzhou Airport",
            "date": "2018-08-28",
            "time": "23:40"
          },
          "arrival": {
            "airportCode": "JCN",
            "airportName": "Incheon Airport",
            "date": "2018-08-29",
            "time": "02:30"
          }
        },
        {
          "airlineCodes": "NH",
          "airlineName": "Air Nippon Co. Ltd.",
          "flightNumber": "0005",
          "aircraftModel": "Boeing 220 Aircraft",
          "cabinClassCode": "Y",
          "cabinClassName": "Economy",
          "baggageWeight": 10,
          "duration": 60,
          "transitDuration": 0,
          "departure": {
            "airportCode": "JCN",
            "airportName": "Incheon Airport",
            "date": "2018-08-29",
            "time": "02:30"
          },
          "arrival": {
            "airportCode": "TAK",
            "airportName": "Takamatsu Airport",
            "date": "2018-08-29",
            "time": "03:30"
          }
        }
      ],
      "price": {
        "additionalPerPerson": 2000,
        "additionalPerPackage": 5000
      }
    },
    {
      "flightId": "fl006",
      "airlineCodes": [
        "SQ",
        "JL"
      ],
      "duration": 820,
      "departure": {
        "airportCode": "LSH",
        "airportName": "Lashio Airport",
        "date": "2018-08-28",
        "time": "19:50"
      },
      "arrival": {
        "airportCode": "SPK",
        "airportName": "Saporro",
        "date": "2018-08-29",
        "time": "11:30"
      },
      "legDetails": [
        {
          "airlineCodes": "SQ",
          "airlineName": "Singapore Airlines Ltd",
          "flightNumber": "0004",
          "aircraftModel": "Boeing 220 Aircraft",
          "cabinClassCode": "Y",
          "cabinClassName": "Economy",
          "baggageWeight": 10,
          "duration": 110,
          "transitDuration": 0,
          "departure": {
            "airportCode": "LSH",
            "airportName": "Lashio Airport",
            "date": "2018-08-28",
            "time": "19:50"
          },
          "arrival": {
            "airportCode": "CZH",
            "airportName": "Changzhou Airport",
            "date": "2018-08-28",
            "time": "22:40"
          }
        },
        {
          "airlineCodes": "JL",
          "airlineName": "Japan Airlines",
          "flightNumber": "0005",
          "aircraftModel": "Boeing 220 Aircraft",
          "cabinClassCode": "Y",
          "cabinClassName": "Economy",
          "baggageWeight": 10,
          "duration": 110,
          "transitDuration": 0,
          "departure": {
            "airportCode": "CZH",
            "airportName": "Changzhou Airport",
            "date": "2018-08-28",
            "time": "23:40"
          },
          "arrival": {
            "airportCode": "JCN",
            "airportName": "Incheon Airport",
            "date": "2018-08-29",
            "time": "02:30"
          }
        },
        {
          "airlineCodes": "JL",
          "airlineName": "Japan Airlines",
          "flightNumber": "0005",
          "aircraftModel": "Boeing 220 Aircraft",
          "cabinClassCode": "Y",
          "cabinClassName": "Economy",
          "baggageWeight": 10,
          "duration": 60,
          "transitDuration": 480,
          "departure": {
            "airportCode": "JCN",
            "airportName": "Incheon Airport",
            "date": "2018-08-29",
            "time": "10:30"
          },
          "arrival": {
            "airportCode": "SPK",
            "airportName": "Saporro",
            "date": "2018-08-29",
            "time": "11:30"
          }
        }
      ],
      "price": {
        "additionalPerPerson": 2000,
        "additionalPerPackage": 5000
      }
    }
  ],
  "priceSummary": {
    "currency": "MYR",
    "adult": 2,
    "child": 1,
    "infant": 0,
    "taxesFees": 200,
    "savings": 500,
    "total": 3500
  }
}