{
  "data": [
    {
      "original": "https://s-ec.bstatic.com/images/hotel/max1280x900/151/151151610.jpg",
      "thumbnail": "https://s-ec.bstatic.com/images/hotel/max200/151/151151610.jpg",
      "description": "testttttttttttttttestt testttttttttttttttestt testttttttttttttttestt testttttttttttttttestt testttttttttttttttestt"
    },
    {
      "original": "https://t-ec.bstatic.com/images/hotel/max1280x900/151/151148504.jpg",
      "thumbnail": "https://s-ec.bstatic.com/images/hotel/max200/151/151148504.jpg",
      "description": "tes"
    },
    {
      "original": "https://t-ec.bstatic.com/images/hotel/max1280x900/792/79214641.jpg",
      "thumbnail": "https://t-ec.bstatic.com/images/hotel/max1280x900/792/79214641.jpg"
    },
    {
      "original": "https://s-ec.bstatic.com/images/hotel/max1280x900/151/151151610.jpg",
      "thumbnail": "https://s-ec.bstatic.com/images/hotel/max200/151/151151610.jpg",
      "description": "testttttttttttttttestt testttttttttttttttestt testttttttttttttttestt testttttttttttttttestt testttttttttttttttestt"
    },
    {
      "original": "https://t-ec.bstatic.com/images/hotel/max1280x900/151/151148504.jpg",
      "thumbnail": "https://s-ec.bstatic.com/images/hotel/max200/151/151148504.jpg",
      "description": "tes"
    },
    {
      "original": "https://t-ec.bstatic.com/images/hotel/max1280x900/792/79214641.jpg",
      "thumbnail": "https://t-ec.bstatic.com/images/hotel/max200/792/79214641.jpg"
    },
    {
      "original": "https://s-ec.bstatic.com/images/hotel/max1280x900/151/151151610.jpg",
      "thumbnail": "https://s-ec.bstatic.com/images/hotel/max200/151/151151610.jpg",
      "description": "testttttttttttttttestt testttttttttttttttestt testttttttttttttttestt testttttttttttttttestt testttttttttttttttestt"
    },
    {
      "original": "https://t-ec.bstatic.com/images/hotel/max1280x900/151/151148504.jpg",
      "thumbnail": "https://s-ec.bstatic.com/images/hotel/max200/151/151148504.jpg",
      "description": "tes"
    },
    {
      "original": "https://t-ec.bstatic.com/images/hotel/max1280x900/792/79214641.jpg",
      "thumbnail": "https://t-ec.bstatic.com/images/hotel/max200/792/79214641.jpg",
      "description": "haha"
    },
    {
      "original": "https://pbs.twimg.com/profile_images/378800000532546226/dbe5f0727b69487016ffd67a6689e75a_400x400.jpeg",
      "thumbnail": "https://pbs.twimg.com/profile_images/378800000532546226/dbe5f0727b69487016ffd67a6689e75a_400x400.jpeg",
      "description": "square sized example"
    },
    {
      "original": "https://www.ahstatic.com/photos/3373_ho_00_p_2048x1536.jpg",
      "thumbnail": "https://www.ahstatic.com/photos/3373_ho_00_p_2048x1536.jpg",
      "description": "large size example"
    },
    {
      "original": "https://exp.cdn-hotels.com/hotels/2000000/1700000/1699400/1699398/44bb1636_z.jpg",
      "thumbnail": "https://exp.cdn-hotels.com/hotels/2000000/1700000/1699400/1699398/44bb1636_z.jpg",
      "description": "potrait example"
    }
  ]
}