{
  "name": "Days Hotel Singapore at Zhongshan Park",
  "stars": 4,
  "address": "1 Jalan Rajah",
  "lon": "103.84771",
  "lat": "1.32691",
  "review": {
    "score": 89,
    "text": "Excellent",
    "reviewsCount": 326,
    "summary": {
      "text": "Excellent city hotel. Fantastic service. Great location.",
      "hotelType": "Excellent city hotel.",
      "locationText": "Located near shopping areas with easy access to parking.",
      "locationNearby": "Close to Singapore Flyer",
      "sentenceList": ["Fantastic service.", "Great location."],
      "highlightList": ["Beautiful old building", "Nice shops"]
    },
    "badgeList": [
      {
        "subtext": "Top 1% in city",
        "popularity": 1,
        "type": "hotel_type",
        "category": "Boutique Hotel",
        "text": "Excellent Boutique Hotel",
        "highlightList": [
          "Beautiful old building",
          "Airy building",
          "Great architecture"
        ]
      },
      {
        "subtext": "Top 1% in city",
        "popularity": 1,
        "type": "hotel_type",
        "category": "Romantic Hotel",
        "text": "Excellent Romantic Hotel",
        "highlightList": ["Nice for romantic trips"]
      },
      {
        "subtext": "Top 1% in city",
        "popularity": 1,
        "type": "hotel_type",
        "category": "City Hotel",
        "text": "Excellent City Hotel",
        "highlightList": [
          "Sightseeing so much",
          "Nice shops",
          "Lots of shopping"
        ]
      }
    ],
    "hotelTypeList": [
      {
        "category": "City Hotel",
        "score": 97,
        "popularity": 1
      },
      {
        "category": "Boutique Hotel",
        "score": 92,
        "popularity": 1
      },
      {
        "category": "Romantic Hotel",
        "score": 91,
        "popularity": 1
      }
    ],
    "reviews": {
      "all": {
        "reviewsPercent": 100,
        "goodToKnow": [
          {
            "text": "Friendly service",
            "sentiment": "pos",
            "highlightList": ["Attentive staff", "Friendly staff"]
          },
          {
            "text": "Affordable parking",
            "sentiment": "pos",
            "highlightList": ["Free garage parking", "Free parking"]
          },
          {
            "text": "Accessible parking",
            "sentiment": "pos",
            "highlightList": [
              "Free garage parking",
              "Private parking",
              "Free parking"
            ]
          },
          {
            "text": "Hotel could use some updating",
            "sentiment": "neg",
            "highlightList": []
          }
        ],
        "category": [
          {
            "categoryName": "Service",
            "score": 97,
            "summarySentenceList": [
              "Service is professional and cheery, especially reception and housekeeping."
            ],
            "highlightList": [
              "Excellent costomer service",
              "Friendly staff",
              "Fabulous service"
            ]
          },
          {
            "categoryName": "Food",
            "score": 95,
            "summarySentenceList": ["Menu is excellent with tasty food."],
            "highlightList": ["Great lunch", "Good Restaurant", "Gorgeous food"]
          },
          {
            "categoryName": "Location",
            "score": 92,
            "summarySentenceList": [
              "Great location.",
              "Parking is good and affordable.",
              "Near downtown with great sightseeing and shopping."
            ],
            "highlightList": [
              "Friendly town",
              "Free garage parking",
              "Sightseeing so much"
            ]
          },
          {
            "categoryName": "Value for money",
            "score": 90,
            "summarySentenceList": ["Best value for money."],
            "highlightList": [
              "Reasonable prices",
              "Free garage parking",
              "Free room upgrade"
            ]
          },
          {
            "categoryName": "Breakfast",
            "score": 84,
            "summarySentenceList": ["Tasty breakfast."],
            "highlightList": [
              "Delicious breakfast",
              "Tasty breakfast",
              "Nice breakfast"
            ]
          },
          {
            "categoryName": "Vibe",
            "score": 66,
            "summarySentenceList": [
              "OK vibe and a friendly atmosphere.",
              "Hotel could use some updating.",
              "Stylish hotel.",
              "Good choice for a city trip.",
              "Nice boutique hotel.",
              "Nice for romantic trips."
            ],
            "highlightList": [
              "Interior designed",
              "Elegant hotel",
              "Great architecture"
            ]
          },
          {
            "categoryName": "Room",
            "score": 62,
            "summarySentenceList": [
              "Rooms are standard overall, but clean and large with OK beds.",
              "Smaller bathrooms and outdated rooms.",
              "Conventional furniture."
            ],
            "highlightList": [
              "Reasonably accommodation",
              "Comfortable towels",
              "Comfortable rooms"
            ]
          },
          {
            "categoryName": "WiFi",
            "score": 60,
            "summarySentenceList": ["Average wifi quality."],
            "highlightList": ["Good wifi"]
          }
        ]
      },
      "couples": {
        "reviewsPercent": 78,
        "goodToKnow": [
          {
            "text": "Friendly atmosphere",
            "sentiment": "pos",
            "highlightList": []
          },
          {
            "text": "Wonderful sightseeing",
            "sentiment": "pos",
            "highlightList": ["Sightseeing so much"]
          },
          {
            "text": "Clean rooms",
            "sentiment": "pos",
            "highlightList": ["Clean room"]
          },
          {
            "text": "Nice building",
            "sentiment": "pos",
            "highlightList": [
              "Beautiful old building",
              "Airy building",
              "Great architecture"
            ]
          }
        ],
        "category": [
          {
            "categoryName": "Service",
            "score": 96,
            "summarySentenceList": [
              "Efficient, friendly service with a nice reception."
            ],
            "highlightList": [
              "Excellent costomer service",
              "Friendly staff",
              "Fabulous service"
            ]
          },
          {
            "categoryName": "Food",
            "score": 95,
            "summarySentenceList": ["Delicious food."],
            "highlightList": ["Great lunch", "Good Restaurant", "Gorgeous food"]
          },
          {
            "categoryName": "Location",
            "score": 93,
            "summarySentenceList": [
              "Great location.",
              "Parking is good and affordable.",
              "Good shopping and sightseeing."
            ],
            "highlightList": [
              "Friendly town",
              "Free garage parking",
              "Sightseeing so much"
            ]
          },
          {
            "categoryName": "Value for money",
            "score": 91,
            "summarySentenceList": ["Best value for money."],
            "highlightList": [
              "Reasonable prices",
              "Free garage parking",
              "Free room upgrade"
            ]
          },
          {
            "categoryName": "Breakfast",
            "score": 85,
            "summarySentenceList": ["Tasty breakfast."],
            "highlightList": [
              "Delicious breakfast",
              "Tasty breakfast",
              "Nice breakfast"
            ]
          },
          {
            "categoryName": "Room",
            "score": 63,
            "summarySentenceList": [
              "Clean, acceptably sized rooms with okay furniture.",
              "Smaller bathrooms and outdated rooms."
            ],
            "highlightList": [
              "Reasonably accommodation",
              "Comfortable towels",
              "Lovely furniture"
            ]
          }
        ]
      },
      "families": {
        "reviewsPercent": 19,
        "goodToKnow": [
          {
            "text": "Delicious food",
            "sentiment": "pos",
            "highlightList": ["Great lunch", "Good Restaurant", "Gorgeous food"]
          },
          {
            "text": "Accessible parking",
            "sentiment": "pos",
            "highlightList": [
              "Free garage parking",
              "Private parking",
              "Free parking"
            ]
          },
          {
            "text": "Tasty breakfast",
            "sentiment": "pos",
            "highlightList": [
              "Delicious breakfast",
              "Tasty breakfast",
              "Nice breakfast"
            ]
          },
          {
            "text": "Friendly service",
            "sentiment": "pos",
            "highlightList": ["Attentive staff", "Friendly staff"]
          }
        ],
        "category": [
          {
            "categoryName": "Service",
            "score": 98,
            "summarySentenceList": ["Friendly service."],
            "highlightList": [
              "Excellent costomer service",
              "Friendly staff",
              "Fabulous service"
            ]
          },
          {
            "categoryName": "Food",
            "score": 93,
            "summarySentenceList": ["Delicious food."],
            "highlightList": ["Great lunch", "Good Restaurant", "Gorgeous food"]
          },
          {
            "categoryName": "Location",
            "score": 93,
            "summarySentenceList": ["Great location and easy parking."],
            "highlightList": [
              "Friendly town",
              "Free garage parking",
              "Sightseeing so much"
            ]
          },
          {
            "categoryName": "Value for money",
            "score": 91,
            "summarySentenceList": ["Best value for money."],
            "highlightList": [
              "Reasonable prices",
              "Free garage parking",
              "Free room upgrade"
            ]
          },
          {
            "categoryName": "Breakfast",
            "score": 87,
            "summarySentenceList": ["Tasty breakfast."],
            "highlightList": [
              "Delicious breakfast",
              "Tasty breakfast",
              "Nice breakfast"
            ]
          },
          {
            "categoryName": "Room",
            "score": 64,
            "summarySentenceList": ["Big, decent rooms."],
            "highlightList": [
              "Comfortable towels",
              "Free room upgrade",
              "Lovely furniture"
            ]
          }
        ]
      },
      "solo": {
        "reviewsPercent": 3,
        "goodToKnow": [
          {
            "text": "Great location",
            "sentiment": "pos",
            "highlightList": [
              "Friendly town",
              "Free garage parking",
              "Sightseeing so much"
            ]
          },
          {
            "text": "Fantastic service",
            "sentiment": "pos",
            "highlightList": [
              "Excellent costomer service",
              "Friendly staff",
              "Fabulous service"
            ]
          }
        ],
        "category": [
          {
            "categoryName": "Service",
            "score": 97,
            "summarySentenceList": ["Fantastic service."],
            "highlightList": [
              "Excellent costomer service",
              "Friendly staff",
              "Fabulous service"
            ]
          },
          {
            "categoryName": "Room",
            "score": 63,
            "summarySentenceList": ["Room is all right."],
            "highlightList": [
              "Comfortable towels",
              "Free room upgrade",
              "Lovely furniture"
            ]
          }
        ]
      },
      "business": {}
    }
  },
  "description": "<p><b>Property Location</b> <br />With a stay at Days Hotel Singapore at Zhongshan Park in Singapore (Novena), you'll be within a 5-minute walk of Sun Yat Sen Nanyang Memorial Hall and Burmese Buddhist Temple.  This family-friendly hotel is 1.2 mi (2 km) from Velocity at Novena Square and 1.3 mi (2.1 km) from Tan Tock Seng Hospital.</p><p><b>Rooms</b> <br />Make yourself at home in one of the 405 air-conditioned rooms featuring refrigerators and LCD televisions. Complimentary wired and wireless Internet access keeps you connected, and cable programming provides entertainment. Bathrooms have showers and complimentary toiletries. Conveniences include safes and desks, and housekeeping is provided daily.</p><p><b>Amenities</b> <br />Enjoy recreation amenities such as a 24-hour fitness center or take in the view from a garden. Additional amenities at this hotel include complimentary wireless Internet access, concierge services, and babysitting/childcare (surcharge). Guests can get to nearby shops on the complimentary shuttle.</p><p><b>Dining</b> <br />For lunch or dinner, stop by 21 On Rajah, a restaurant that specializes in Halal dishes. You can also grab snacks at the coffee shop/café. Buffet breakfasts are available daily from 6 AM to 10:30 AM for a fee.</p><p><b>Business, Other Amenities</b> <br />Featured amenities include complimentary wired Internet access, a computer station, and complimentary newspapers in the lobby. A train station pick-up service is provided at no charge, and free self parking is available onsite.</p>",
  "amenities": [
    "24-hour fitness facilities",
    "24-hour front desk",
    "Accessible bathroom",
    "Babysitting or childcare (surcharge)",
    "Breakfast available (surcharge)",
    "Coffee shop or café",
    "Computer station",
    "Concierge services",
    "Designated smoking areas (fines apply)",
    "Dry cleaning/laundry service",
    "Elevator/lift",
    "Free WiFi",
    "Free area shuttle",
    "Free newspapers in lobby",
    "Free self parking",
    "Free shopping center shuttle",
    "Free train station pickup",
    "Free wired Internet",
    "Garden",
    "In-room accessibility",
    "Laundry facilities",
    "Luggage storage",
    "Multilingual staff",
    "Number of floors - 14",
    "Restaurant",
    "Roll-in shower",
    "Smoke-free property",
    "Total number of rooms - 405",
    "Tours/ticket assistance",
    "Year Built - 2012"
  ],
  "checkInTime": "2:00 PM",
  "checkOutTime": "12:00 PM",
  "info": [
    {
      "title": "Know Before You Go",
      "text": "This property offers transfers from the airport (surcharges may apply). Guests must contact the property with arrival details 72 hours prior to arrival, using the contact information on the booking confirmation."
    },
    {
      "title": "Fees",
      "text": "The following fees and deposits are charged by the property at time of service, check-in, or check-out.<br/>Airport shuttle fee: SGD 96.3 per vehicle (one-way)<br/>Rollaway bed fee: SGD 105 per night"
    }
  ]
}
