{
  "priceSummary": {
  "currency": "MYR",
  "adult": 200,
  "child": 300,
  "infant": 100,
  "taxesFees": 100,
  "savings": 100,
  "total": 700,
  "addons": {
  "transfer": 100
  }
  },
  "searchQuery": {
  "from": "HAN",
  "to": "KUL",
  "depart": "2018-08-08",
  "return": "2018-08-12",
  "roomCount": 2,
  "adultCount": 2,
  "childCount": 3,
  "infantCount": 1
  },
  "flightSummary": {
  "departFlight": {
  "flightId": "5ecf563d-d958-425c-b302-6a951393f0fe",
  "airlineCodes": [
  "VNA"
  ],
  "duration": 1,
  "departure": {
  "airportCode": "HAN",
  "airportName": "NoiBai International Airport",
  "date": "2018-08-08",
  "time": "05:05"
  },
  "arrival": {
  "airportCode": "KUL",
  "airportName": "KLIA International Airport",
  "date": "2018-08-12",
  "time": "08:05"
  },
  "legDetails": [
  {
  "airlineCodes": "VNA",
  "airlineName": "Viet Nam Airline",
  "flightNumber": "VNE343",
  "aircraftModel": "A380",
  "cabinClassCode": "11",
  "cabinClassName": "Premium",
  "baggageWeight": 1,
  "duration": 1,
  "transitDuration": 1,
  "departure": {
  "airportCode": "HAN",
  "airportName": "NoiBai International Airport",
  "date": "2018-08-08",
  "time": "05:05"
  },
  "arrival": {
  "airportCode": "KUL",
  "airportName": "KLIA International Airport",
  "date": "2018-08-12",
  "time": "08:05"
  }
  }
  ],
  "price": {
  "additionalPerPerson": 1,
  "additionalPerPackage": 1
  },
  "hotelNights": 5
  },
  "returnFlight": {
  "flightId": "6ecf563d-d958-425c-b302-6a951393f0fb",
  "airlineCodes": [
  "VNA"
  ],
  "duration": 1,
  "departure": {
  "airportCode": "KUL",
  "airportName": "KLIA International Airport",
  "date": "2018-08-08",
  "time": "08:05"
  },
  "arrival": {
  "airportCode": "HAN",
  "airportName": "NoiBai International Airport",
  "date": "2018-08-08",
  "time": "12:05"
  },
  "legDetails": [
  {
  "airlineCodes": "VNE",
  "airlineName": "Viet Nam Airline",
  "flightNumber": "VNE345",
  "aircraftModel": "A380",
  "cabinClassCode": "11",
  "cabinClassName": "Premium",
  "baggageWeight": 1,
  "duration": 1,
  "transitDuration": 1,
  "departure": {
  "airportCode": "KUL",
  "airportName": "KLIA International Airport",
  "date": "2018-08-12",
  "time": "08:05"
  },
  "arrival": {
  "airportCode": "HAN",
  "airportName": "NoiBai International Airport",
  "date": "2018-08-12",
  "time": "12:05"
  }
  }
  ],
  "price": {
  "additionalPerPerson": 1,
  "additionalPerPackage": 1
  },
  "hotelNights": 5
  }
  },
  "hotelSummary": {
  "name": "Leo Express Hotel",
  "room": "Room Only",
  "roomCount": 2,
  "boardType": 1,
  "checkIn": "2018-08-08",
  "checkOut": "2018-08-12",
  "freeCancellationBefore": "2018-08-08",
  "image": "https://s-ec.bstatic.com/images/hotel/max1280x900/468/46871800.jpg"
  },
  "transferSummary": {
    "arrivalTransfer": {
      "date": "2018-08-08",
      "time": "12:05",
      "maxBags": 5,
      "maxPax": 4,
      "pickup": "Changi International Airport, Singapore",
      "dropoff": "Grand Millenium Hotel, Singapore"
    },
    "departureTransfer": {
      "date": "2018-08-12",
      "time": "12:05",
      "maxBags": 5,
      "maxPax": 4,
      "pickup": "Grand Millenium Hotel, Singapore",
      "dropoff": "Changi International Airport, Singapore"
    }
  },
  "contactDetails": {
  "name": "Pham Trung Nam",
  "email": "trungnam@goquo.com",
  "phone": "0915279873"
  },
  "passengerDetails": [
  {
  "type": "Adult",
  "title": "Mr",
  "firstName": "Pham Trung",
  "lastName": "Nam",
  "nationality": "VN",
  "doB": "1991-08-08"
  },
  {
  "type": "Adult",
  "title": "Mr",
  "firstName": "Nguyen Thien",
  "lastName": "Hiep",
  "nationality": "VN",
  "doB": "1993-03-08"
  },
  {
  "type": "Adult",
  "title": "Mrs",
  "firstName": "Do Manh",
  "lastName": "Ha",
  "nationality": "VN",
  "doB": "1993-08-08"
  },
  {
  "type": "Children",
  "title": "Mrs",
  "firstName": "Nguyen Phuong",
  "lastName": "Dong",
  "nationality": "VN",
  "doB": "1990-18-08"
  },
  {
  "type": "Infant",
  "title": "Mrs",
  "firstName": "Tran Quoc",
  "lastName": "Phuong",
  "nationality": "VN",
  "doB": "1993-11-08"
  },
  {
  "type": "Infant",
  "title": "Mrs",
  "firstName": "Tran Quoc",
  "lastName": "Dong",
  "nationality": "VN",
  "doB": "1992-11-08"
  }
  ],
  "firstView": true,
  "reference": "Test"
  }